date,home_team,away_team,home_score,away_score,league,season,home_xg,away_xg,lahde,vaihe,home_uefa_id,away_uefa_id,home_maa,away_maa,home_nimet,away_nimet
2024-07-11,IF Elfsborg,Pafos FC,3,0,INT-Europa League,2425,,,uefa,QUALIFYING,52344,2609532,SWE,CYP,IF Elfsborg|Elfsborg,Pafos FC|Pafos
2024-07-11,Paksi FC,FC Corvinul Hunedoara,0,4,INT-Europa League,2425,,,uefa,QUALIFYING,93452,52339,HUN,ROU,Paksi FC|Paksi,FC Corvinul Hunedoara|Corvinul
2024-07-11,FC Sheriff Tiraspol,PFC Zire ,0,1,INT-Europa League,2425,,,uefa,QUALIFYING,69606,2607480,MDA,AZE,FC Sheriff Tiraspol|Sheriff,PFC Zire |Zire
2024-07-11,MFK Ružomberok,FC Tobol,5,2,INT-Europa League,2425,,,uefa,QUALIFYING,64319,79969,SVK,KAZ,MFK Ružomberok|Ružomberok,FC Tobol|Tobol
2024-07-11,PFC Botev Plovdiv,NK Maribor,2,1,INT-Europa League,2425,,,uefa,QUALIFYING,57466,57490,BUL,SVN,PFC Botev Plovdiv|Botev Plovdiv,NK Maribor|Maribor
2024-07-11,Wisła Kraków,KF Llapi,2,0,INT-Europa League,2425,,,uefa,QUALIFYING,52651,2608286,POL,KOS,Wisła Kraków,KF Llapi|Llapi
2024-07-18,KF Llapi,Wisła Kraków,1,2,INT-Europa League,2425,,,uefa,QUALIFYING,2608286,52651,KOS,POL,KF Llapi|Llapi,Wisła Kraków
2024-07-18,FC Tobol,MFK Ružomberok,1,0,INT-Europa League,2425,,,uefa,QUALIFYING,79969,64319,KAZ,SVK,FC Tobol|Tobol,MFK Ružomberok|Ružomberok
2024-07-18,Pafos FC,IF Elfsborg,2,5,INT-Europa League,2425,,,uefa,QUALIFYING,2609532,52344,CYP,SWE,Pafos FC|Pafos,IF Elfsborg|Elfsborg
2024-07-18,PFC Zire ,FC Sheriff Tiraspol,1,2,INT-Europa League,2425,,,uefa,QUALIFYING,2607480,69606,AZE,MDA,PFC Zire |Zire,FC Sheriff Tiraspol|Sheriff
2024-07-18,FC Corvinul Hunedoara,Paksi FC,0,2,INT-Europa League,2425,,,uefa,QUALIFYING,52339,93452,ROU,HUN,FC Corvinul Hunedoara|Corvinul,Paksi FC|Paksi
2024-07-18,NK Maribor,PFC Botev Plovdiv,2,2,INT-Europa League,2425,,,uefa,QUALIFYING,57490,57466,SVN,BUL,NK Maribor|Maribor,PFC Botev Plovdiv|Botev Plovdiv
2024-07-25,Wisła Kraków,SK Rapid,1,2,INT-Europa League,2425,,,uefa,QUALIFYING,52651,50042,POL,AUT,Wisła Kraków,SK Rapid
2024-07-25,MFK Ružomberok,Trabzonspor A.Ş.,0,2,INT-Europa League,2425,,,uefa,QUALIFYING,64319,52731,SVK,TUR,MFK Ružomberok|Ružomberok,Trabzonspor A.Ş.|Trabzonspor
2024-07-25,Molde FK,Silkeborg IF,3,1,INT-Europa League,2425,,,uefa,QUALIFYING,50142,52912,NOR,DEN,Molde FK|Molde,Silkeborg IF|Silkeborg
2024-07-25,FC Corvinul Hunedoara,HNK Rijeka,0,0,INT-Europa League,2425,,,uefa,QUALIFYING,52339,52356,ROU,CRO,FC Corvinul Hunedoara|Corvinul,HNK Rijeka|Rijeka
2024-07-25,FC Sheriff Tiraspol,IF Elfsborg,0,1,INT-Europa League,2425,,,uefa,QUALIFYING,69606,52344,MDA,SWE,FC Sheriff Tiraspol|Sheriff,IF Elfsborg|Elfsborg
2024-07-25,Panathinaikos FC,PFC Botev Plovdiv,2,1,INT-Europa League,2425,,,uefa,QUALIFYING,50084,57466,GRE,BUL,Panathinaikos FC|Panathinaikos,PFC Botev Plovdiv|Botev Plovdiv
2024-07-25,AFC Ajax,FK Vojvodina,1,0,INT-Europa League,2425,,,uefa,QUALIFYING,50143,52810,NED,SRB,AFC Ajax|Ajax,FK Vojvodina|Vojvodina
2024-07-25,Kilmarnock FC,Cercle Brugge KSV,1,1,INT-Europa League,2425,,,uefa,QUALIFYING,62178,52884,SCO,BEL,Kilmarnock FC|Kilmarnock,Cercle Brugge KSV|Cercle Brugge
2024-07-25,SC Braga,Maccabi Petah Tikva FC,2,0,INT-Europa League,2425,,,uefa,QUALIFYING,52336,61576,POR,ISR,SC Braga|Braga,Maccabi Petah Tikva FC|M. Petah Tikva
2024-08-01,IF Elfsborg,FC Sheriff Tiraspol,2,0,INT-Europa League,2425,,,uefa,QUALIFYING,52344,69606,SWE,MDA,IF Elfsborg|Elfsborg,FC Sheriff Tiraspol|Sheriff
2024-08-01,Silkeborg IF,Molde FK,3,2,INT-Europa League,2425,,,uefa,QUALIFYING,52912,50142,DEN,NOR,Silkeborg IF|Silkeborg,Molde FK|Molde
2024-08-01,Trabzonspor A.Ş.,MFK Ružomberok,1,0,INT-Europa League,2425,,,uefa,QUALIFYING,52731,64319,TUR,SVK,Trabzonspor A.Ş.|Trabzonspor,MFK Ružomberok|Ružomberok
2024-08-01,Maccabi Petah Tikva FC,SC Braga,0,5,INT-Europa League,2425,,,uefa,QUALIFYING,61576,52336,ISR,POR,Maccabi Petah Tikva FC|M. Petah Tikva,SC Braga|Braga
2024-08-01,FK Vojvodina,AFC Ajax,1,3,INT-Europa League,2425,,,uefa,QUALIFYING,52810,50143,SRB,NED,FK Vojvodina|Vojvodina,AFC Ajax|Ajax
2024-08-01,Cercle Brugge KSV,Kilmarnock FC,1,0,INT-Europa League,2425,,,uefa,QUALIFYING,52884,62178,BEL,SCO,Cercle Brugge KSV|Cercle Brugge,Kilmarnock FC|Kilmarnock
2024-08-01,HNK Rijeka,FC Corvinul Hunedoara,1,0,INT-Europa League,2425,,,uefa,QUALIFYING,52356,52339,CRO,ROU,HNK Rijeka|Rijeka,FC Corvinul Hunedoara|Corvinul
2024-08-01,PFC Botev Plovdiv,Panathinaikos FC,0,4,INT-Europa League,2425,,,uefa,QUALIFYING,57466,50084,BUL,GRE,PFC Botev Plovdiv|Botev Plovdiv,Panathinaikos FC|Panathinaikos
2024-08-01,SK Rapid,Wisła Kraków,6,1,INT-Europa League,2425,,,uefa,QUALIFYING,50042,52651,AUT,POL,SK Rapid,Wisła Kraków
2024-08-06,FK Panevėžys,Maccabi Tel-Aviv FC,1,2,INT-Europa League,2425,,,uefa,QUALIFYING,2608927,57477,LTU,ISR,FK Panevėžys|Panevėžys,Maccabi Tel-Aviv FC|M. Tel-Aviv
2024-08-06,FC Petrocub,The New Saints FC,1,0,INT-Europa League,2425,,,uefa,QUALIFYING,2607112,60457,MDA,WAL,FC Petrocub|Petrocub,The New Saints FC|The New Saints
2024-08-08,KÍ Klaksvík,FK Borac,2,1,INT-Europa League,2425,,,uefa,QUALIFYING,57475,50104,FRO,BIH,KÍ Klaksvík|Klaksvík,FK Borac|Borac
2024-08-08,Molde FK,Cercle Brugge KSV,3,0,INT-Europa League,2425,,,uefa,QUALIFYING,50142,52884,NOR,BEL,Molde FK|Molde,Cercle Brugge KSV|Cercle Brugge
2024-08-08,Trabzonspor A.Ş.,SK Rapid,0,1,INT-Europa League,2425,,,uefa,QUALIFYING,52731,50042,TUR,AUT,Trabzonspor A.Ş.|Trabzonspor,SK Rapid
2024-08-08,UE Santa Coloma,FC RFS,0,2,INT-Europa League,2425,,,uefa,QUALIFYING,2600542,2609104,AND,LVA,UE Santa Coloma,FC RFS|RFS
2024-08-08,FK Partizan Beograd,FC Lugano,0,1,INT-Europa League,2425,,,uefa,QUALIFYING,50162,8538,SRB,SUI,FK Partizan Beograd|Partizan,FC Lugano|Lugano
2024-08-08,Panathinaikos FC,AFC Ajax,0,1,INT-Europa League,2425,,,uefa,QUALIFYING,50084,50143,GRE,NED,Panathinaikos FC|Panathinaikos,AFC Ajax|Ajax
2024-08-08,HNK Rijeka,IF Elfsborg,1,1,INT-Europa League,2425,,,uefa,QUALIFYING,52356,52344,CRO,SWE,HNK Rijeka|Rijeka,IF Elfsborg|Elfsborg
2024-08-08,FC Kryvbas Kryvyi Rih,FC Viktoria Plzeň,1,2,INT-Europa League,2425,,,uefa,QUALIFYING,64527,64388,UKR,CZE,FC Kryvbas Kryvyi Rih|Kryvbas,FC Viktoria Plzeň|Viktoria Plzeň
2024-08-08,NK Celje,Shamrock Rovers FC,1,0,INT-Europa League,2425,,,uefa,QUALIFYING,59030,52381,SVN,IRL,NK Celje|Celje,Shamrock Rovers FC|Shamrock Rovers
2024-08-08,FC Dinamo-Minsk,Lincoln Red Imps FC,2,0,INT-Europa League,2425,,,uefa,QUALIFYING,50161,2605572,BLR,GIB,FC Dinamo-Minsk|Dinamo-Minsk,Lincoln Red Imps FC|L. Red Imps
2024-08-08,SC Braga,Servette FC,0,0,INT-Europa League,2425,,,uefa,QUALIFYING,52336,50008,POR,SUI,SC Braga|Braga,Servette FC|Servette
2024-08-13,The New Saints FC,FC Petrocub,0,0,INT-Europa League,2425,,,uefa,QUALIFYING,60457,2607112,WAL,MDA,The New Saints FC|The New Saints,FC Petrocub|Petrocub
2024-08-14,FC RFS,UE Santa Coloma,7,0,INT-Europa League,2425,,,uefa,QUALIFYING,2609104,2600542,LVA,AND,FC RFS|RFS,UE Santa Coloma
2024-08-15,Lincoln Red Imps FC,FC Dinamo-Minsk,2,1,INT-Europa League,2425,,,uefa,QUALIFYING,2605572,50161,GIB,BLR,Lincoln Red Imps FC|L. Red Imps,FC Dinamo-Minsk|Dinamo-Minsk
2024-08-15,SK Rapid,Trabzonspor A.Ş.,2,0,INT-Europa League,2425,,,uefa,QUALIFYING,50042,52731,AUT,TUR,SK Rapid,Trabzonspor A.Ş.|Trabzonspor
2024-08-15,IF Elfsborg,HNK Rijeka,2,0,INT-Europa League,2425,,,uefa,QUALIFYING,52344,52356,SWE,CRO,IF Elfsborg|Elfsborg,HNK Rijeka|Rijeka
2024-08-15,FC Viktoria Plzeň,FC Kryvbas Kryvyi Rih,1,0,INT-Europa League,2425,,,uefa,QUALIFYING,64388,64527,CZE,UKR,FC Viktoria Plzeň|Viktoria Plzeň,FC Kryvbas Kryvyi Rih|Kryvbas
2024-08-15,Cercle Brugge KSV,Molde FK,1,0,INT-Europa League,2425,,,uefa,QUALIFYING,52884,50142,BEL,NOR,Cercle Brugge KSV|Cercle Brugge,Molde FK|Molde
2024-08-15,AFC Ajax,Panathinaikos FC,0,1,INT-Europa League,2425,,,uefa,QUALIFYING,50143,50084,NED,GRE,AFC Ajax|Ajax,Panathinaikos FC|Panathinaikos
2024-08-15,Maccabi Tel-Aviv FC,FK Panevėžys,3,0,INT-Europa League,2425,,,uefa,QUALIFYING,57477,2608927,ISR,LTU,Maccabi Tel-Aviv FC|M. Tel-Aviv,FK Panevėžys|Panevėžys
2024-08-15,FC Lugano,FK Partizan Beograd,1,2,INT-Europa League,2425,,,uefa,QUALIFYING,8538,50162,SUI,SRB,FC Lugano|Lugano,FK Partizan Beograd|Partizan
2024-08-15,Servette FC,SC Braga,1,2,INT-Europa League,2425,,,uefa,QUALIFYING,50008,52336,SUI,POR,Servette FC|Servette,SC Braga|Braga
2024-08-15,FK Borac,KÍ Klaksvík,2,1,INT-Europa League,2425,,,uefa,QUALIFYING,50104,57475,BIH,FRO,FK Borac|Borac,KÍ Klaksvík|Klaksvík
2024-08-15,Shamrock Rovers FC,NK Celje,2,1,INT-Europa League,2425,,,uefa,QUALIFYING,52381,59030,IRL,SVN,Shamrock Rovers FC|Shamrock Rovers,NK Celje|Celje
2024-08-22,LASK,Fotbal Club FCSB,1,1,INT-Europa League,2425,,,uefa,QUALIFYING,63405,50065,AUT,ROU,LASK,Fotbal Club FCSB|FCSB
2024-08-22,FC RFS,APOEL FC,2,1,INT-Europa League,2425,,,uefa,QUALIFYING,2609104,50118,LVA,CYP,FC RFS|RFS,APOEL FC|APOEL
2024-08-22,Molde FK,IF Elfsborg,0,1,INT-Europa League,2425,,,uefa,QUALIFYING,50142,52344,NOR,SWE,Molde FK|Molde,IF Elfsborg|Elfsborg
2024-08-22,FC Viktoria Plzeň,Heart of Midlothian FC,1,0,INT-Europa League,2425,,,uefa,QUALIFYING,64388,50120,CZE,SCO,FC Viktoria Plzeň|Viktoria Plzeň,Heart of Midlothian FC|Hearts
2024-08-22,PAOK FC,Shamrock Rovers FC,4,0,INT-Europa League,2425,,,uefa,QUALIFYING,50130,52381,GRE,IRL,PAOK FC|PAOK,Shamrock Rovers FC|Shamrock Rovers
2024-08-22,PFC Ludogorets 1945,FC Petrocub,4,0,INT-Europa League,2425,,,uefa,QUALIFYING,2603104,2607112,BUL,MDA,PFC Ludogorets 1945|Ludogorets,FC Petrocub|Petrocub
2024-08-22,Maccabi Tel-Aviv FC,FK TSC,3,0,INT-Europa League,2425,,,uefa,QUALIFYING,57477,2610140,ISR,SRB,Maccabi Tel-Aviv FC|M. Tel-Aviv,FK TSC|TSC
2024-08-22,FC Lugano,Beşiktaş JK,3,3,INT-Europa League,2425,,,uefa,QUALIFYING,8538,50157,SUI,TUR,FC Lugano|Lugano,Beşiktaş JK|Beşiktaş
2024-08-22,FC Dinamo-Minsk,RSC Anderlecht,0,1,INT-Europa League,2425,,,uefa,QUALIFYING,50161,50074,BLR,BEL,FC Dinamo-Minsk|Dinamo-Minsk,RSC Anderlecht|Anderlecht
2024-08-22,Jagiellonia Białystok,AFC Ajax,1,4,INT-Europa League,2425,,,uefa,QUALIFYING,2600277,50143,POL,NED,Jagiellonia Białystok|Jagiellonia,AFC Ajax|Ajax
2024-08-22,Ferencvárosi TC,FK Borac,0,0,INT-Europa League,2425,,,uefa,QUALIFYING,52298,50104,HUN,BIH,Ferencvárosi TC|Ferencváros,FK Borac|Borac
2024-08-22,SC Braga,SK Rapid,2,1,INT-Europa League,2425,,,uefa,QUALIFYING,52336,50042,POR,AUT,SC Braga|Braga,SK Rapid
2024-08-29,FC Petrocub,PFC Ludogorets 1945,1,2,INT-Europa League,2425,,,uefa,QUALIFYING,2607112,2603104,MDA,BUL,FC Petrocub|Petrocub,PFC Ludogorets 1945|Ludogorets
2024-08-29,APOEL FC,FC RFS,2,1,INT-Europa League,2425,,,uefa,QUALIFYING,50118,2609104,CYP,LVA,APOEL FC|APOEL,FC RFS|RFS
2024-08-29,IF Elfsborg,Molde FK,0,1,INT-Europa League,2425,,,uefa,QUALIFYING,52344,50142,SWE,NOR,IF Elfsborg|Elfsborg,Molde FK|Molde
2024-08-29,RSC Anderlecht,FC Dinamo-Minsk,1,0,INT-Europa League,2425,,,uefa,QUALIFYING,50074,50161,BEL,BLR,RSC Anderlecht|Anderlecht,FC Dinamo-Minsk|Dinamo-Minsk
2024-08-29,AFC Ajax,Jagiellonia Białystok,3,0,INT-Europa League,2425,,,uefa,QUALIFYING,50143,2600277,NED,POL,AFC Ajax|Ajax,Jagiellonia Białystok|Jagiellonia
2024-08-29,Beşiktaş JK,FC Lugano,5,1,INT-Europa League,2425,,,uefa,QUALIFYING,50157,8538,TUR,SUI,Beşiktaş JK|Beşiktaş,FC Lugano|Lugano
2024-08-29,Fotbal Club FCSB,LASK,1,0,INT-Europa League,2425,,,uefa,QUALIFYING,50065,63405,ROU,AUT,Fotbal Club FCSB|FCSB,LASK
2024-08-29,Heart of Midlothian FC,FC Viktoria Plzeň,0,1,INT-Europa League,2425,,,uefa,QUALIFYING,50120,64388,SCO,CZE,Heart of Midlothian FC|Hearts,FC Viktoria Plzeň|Viktoria Plzeň
2024-08-29,FK TSC,Maccabi Tel-Aviv FC,1,5,INT-Europa League,2425,,,uefa,QUALIFYING,2610140,57477,SRB,ISR,FK TSC|TSC,Maccabi Tel-Aviv FC|M. Tel-Aviv
2024-08-29,Shamrock Rovers FC,PAOK FC,0,2,INT-Europa League,2425,,,uefa,QUALIFYING,52381,50130,IRL,GRE,Shamrock Rovers FC|Shamrock Rovers,PAOK FC|PAOK
2024-08-29,FK Borac,Ferencvárosi TC,0,0,INT-Europa League,2425,,,uefa,QUALIFYING,50104,52298,BIH,HUN,FK Borac|Borac,Ferencvárosi TC|Ferencváros
2024-08-29,SK Rapid,SC Braga,2,2,INT-Europa League,2425,,,uefa,QUALIFYING,50042,52336,AUT,POR,SK Rapid,SC Braga|Braga
2024-09-25,AZ Alkmaar,IF Elfsborg,3,2,INT-Europa League,2425,,,uefa,TOURNAMENT,52327,52344,NED,SWE,AZ Alkmaar,IF Elfsborg|Elfsborg
2024-09-25,FK Bodø/Glimt,FC Porto,3,2,INT-Europa League,2425,,,uefa,TOURNAMENT,59333,50064,NOR,POR,FK Bodø/Glimt|Bodø/Glimt,FC Porto|Porto
2024-09-25,Manchester United,FC Twente,1,1,INT-Europa League,2425,,,uefa,TOURNAMENT,52682,52818,ENG,NED,Manchester United|Man Utd,FC Twente|Twente
2024-09-25,Galatasaray A.Ş.,PAOK FC,3,1,INT-Europa League,2425,,,uefa,TOURNAMENT,50067,50130,TUR,GRE,Galatasaray A.Ş.|Galatasaray,PAOK FC|PAOK
2024-09-25,FC Dynamo Kyiv,S.S. Lazio,0,3,INT-Europa League,2425,,,uefa,TOURNAMENT,52723,52973,UKR,ITA,FC Dynamo Kyiv|Dynamo Kyiv,S.S. Lazio|Lazio
2024-09-25,PFC Ludogorets 1945,SK Slavia Praha,0,2,INT-Europa League,2425,,,uefa,TOURNAMENT,2603104,52498,BUL,CZE,PFC Ludogorets 1945|Ludogorets,SK Slavia Praha|Slavia Praha
2024-09-25,FC Midtjylland,TSG 1899 Hoffenheim,1,1,INT-Europa League,2425,,,uefa,TOURNAMENT,75795,2600431,DEN,GER,FC Midtjylland|Midtjylland,TSG 1899 Hoffenheim|Hoffenheim
2024-09-25,OGC Nice,Real Sociedad de Fútbol,1,1,INT-Europa League,2425,,,uefa,TOURNAMENT,52355,50123,FRA,ESP,OGC Nice|Nice,Real Sociedad de Fútbol|Real Sociedad
2024-09-25,RSC Anderlecht,Ferencvárosi TC,2,1,INT-Europa League,2425,,,uefa,TOURNAMENT,50074,52298,BEL,HUN,RSC Anderlecht|Anderlecht,Ferencvárosi TC|Ferencváros
2024-09-26,Fenerbahçe SK,R. Union Saint-Gilloise,2,1,INT-Europa League,2425,,,uefa,TOURNAMENT,52692,64125,TUR,BEL,Fenerbahçe SK|Fenerbahçe,R. Union Saint-Gilloise|Union SG
2024-09-26,Malmö FF,Rangers FC,0,2,INT-Europa League,2425,,,uefa,TOURNAMENT,50152,50121,SWE,SCO,Malmö FF|Malmö,Rangers FC|Rangers
2024-09-26,AS Roma,Athletic Club,1,1,INT-Europa League,2425,,,uefa,TOURNAMENT,50137,50125,ITA,ESP,AS Roma|Roma,Athletic Club
2024-09-26,AFC Ajax,Beşiktaş JK,4,0,INT-Europa League,2425,,,uefa,TOURNAMENT,50143,50157,NED,TUR,AFC Ajax|Ajax,Beşiktaş JK|Beşiktaş
2024-09-26,Eintracht Frankfurt,FC Viktoria Plzeň,3,3,INT-Europa League,2425,,,uefa,TOURNAMENT,50072,64388,GER,CZE,Eintracht Frankfurt|Frankfurt,FC Viktoria Plzeň|Viktoria Plzeň
2024-09-26,SC Braga,Maccabi Tel-Aviv FC,2,1,INT-Europa League,2425,,,uefa,TOURNAMENT,52336,57477,POR,ISR,SC Braga|Braga,Maccabi Tel-Aviv FC|M. Tel-Aviv
2024-09-26,Olympique Lyonnais,Olympiacos FC,2,0,INT-Europa League,2425,,,uefa,TOURNAMENT,5312,2610,FRA,GRE,Olympique Lyonnais|Lyon,Olympiacos FC|Olympiacos
2024-09-26,Fotbal Club FCSB,FC RFS,4,1,INT-Europa League,2425,,,uefa,TOURNAMENT,50065,2609104,ROU,LVA,Fotbal Club FCSB|FCSB,FC RFS|RFS
2024-09-26,Tottenham Hotspur,Qarabağ FK,3,0,INT-Europa League,2425,,,uefa,TOURNAMENT,1652,60609,ENG,AZE,Tottenham Hotspur|Tottenham,Qarabağ FK|Qarabağ
2024-10-03,S.S. Lazio,OGC Nice,4,1,INT-Europa League,2425,,,uefa,TOURNAMENT,52973,52355,ITA,FRA,S.S. Lazio|Lazio,OGC Nice|Nice
2024-10-03,SK Slavia Praha,AFC Ajax,1,1,INT-Europa League,2425,,,uefa,TOURNAMENT,52498,50143,CZE,NED,SK Slavia Praha|Slavia Praha,AFC Ajax|Ajax
2024-10-03,Real Sociedad de Fútbol,RSC Anderlecht,1,2,INT-Europa League,2425,,,uefa,TOURNAMENT,50123,50074,ESP,BEL,Real Sociedad de Fútbol|Real Sociedad,RSC Anderlecht|Anderlecht
2024-10-03,Olympiacos FC,SC Braga,3,0,INT-Europa League,2425,,,uefa,TOURNAMENT,2610,52336,GRE,POR,Olympiacos FC|Olympiacos,SC Braga|Braga
2024-10-03,Maccabi Tel-Aviv FC,FC Midtjylland,0,2,INT-Europa League,2425,,,uefa,TOURNAMENT,57477,75795,ISR,DEN,Maccabi Tel-Aviv FC|M. Tel-Aviv,FC Midtjylland|Midtjylland
2024-10-03,Ferencvárosi TC,Tottenham Hotspur,1,2,INT-Europa League,2425,,,uefa,TOURNAMENT,52298,1652,HUN,ENG,Ferencvárosi TC|Ferencváros,Tottenham Hotspur|Tottenham
2024-10-03,Qarabağ FK,Malmö FF,1,2,INT-Europa League,2425,,,uefa,TOURNAMENT,60609,50152,AZE,SWE,Qarabağ FK|Qarabağ,Malmö FF|Malmö
2024-10-03,TSG 1899 Hoffenheim,FC Dynamo Kyiv,2,0,INT-Europa League,2425,,,uefa,TOURNAMENT,2600431,52723,GER,UKR,TSG 1899 Hoffenheim|Hoffenheim,FC Dynamo Kyiv|Dynamo Kyiv
2024-10-03,FC RFS,Galatasaray A.Ş.,2,2,INT-Europa League,2425,,,uefa,TOURNAMENT,2609104,50067,LVA,TUR,FC RFS|RFS,Galatasaray A.Ş.|Galatasaray
2024-10-03,FC Porto,Manchester United,3,3,INT-Europa League,2425,,,uefa,TOURNAMENT,50064,52682,POR,ENG,FC Porto|Porto,Manchester United|Man Utd
2024-10-03,Rangers FC,Olympique Lyonnais,1,4,INT-Europa League,2425,,,uefa,TOURNAMENT,50121,5312,SCO,FRA,Rangers FC|Rangers,Olympique Lyonnais|Lyon
2024-10-03,PAOK FC,Fotbal Club FCSB,0,1,INT-Europa League,2425,,,uefa,TOURNAMENT,50130,50065,GRE,ROU,PAOK FC|PAOK,Fotbal Club FCSB|FCSB
2024-10-03,FC Viktoria Plzeň,PFC Ludogorets 1945,0,0,INT-Europa League,2425,,,uefa,TOURNAMENT,64388,2603104,CZE,BUL,FC Viktoria Plzeň|Viktoria Plzeň,PFC Ludogorets 1945|Ludogorets
2024-10-03,R. Union Saint-Gilloise,FK Bodø/Glimt,0,0,INT-Europa League,2425,,,uefa,TOURNAMENT,64125,59333,BEL,NOR,R. Union Saint-Gilloise|Union SG,FK Bodø/Glimt|Bodø/Glimt
2024-10-03,Athletic Club,AZ Alkmaar,2,0,INT-Europa League,2425,,,uefa,TOURNAMENT,50125,52327,ESP,NED,Athletic Club,AZ Alkmaar
2024-10-03,FC Twente,Fenerbahçe SK,1,1,INT-Europa League,2425,,,uefa,TOURNAMENT,52818,52692,NED,TUR,FC Twente|Twente,Fenerbahçe SK|Fenerbahçe
2024-10-03,Beşiktaş JK,Eintracht Frankfurt,1,3,INT-Europa League,2425,,,uefa,TOURNAMENT,50157,50072,TUR,GER,Beşiktaş JK|Beşiktaş,Eintracht Frankfurt|Frankfurt
2024-10-03,IF Elfsborg,AS Roma,1,0,INT-Europa League,2425,,,uefa,TOURNAMENT,52344,50137,SWE,ITA,IF Elfsborg|Elfsborg,AS Roma|Roma
2024-10-23,SC Braga,FK Bodø/Glimt,1,2,INT-Europa League,2425,,,uefa,TOURNAMENT,52336,59333,POR,NOR,SC Braga|Braga,FK Bodø/Glimt|Bodø/Glimt
2024-10-23,Galatasaray A.Ş.,IF Elfsborg,4,3,INT-Europa League,2425,,,uefa,TOURNAMENT,50067,52344,TUR,SWE,Galatasaray A.Ş.|Galatasaray,IF Elfsborg|Elfsborg
2024-10-24,AS Roma,FC Dynamo Kyiv,1,0,INT-Europa League,2425,,,uefa,TOURNAMENT,50137,52723,ITA,UKR,AS Roma|Roma,FC Dynamo Kyiv|Dynamo Kyiv
2024-10-24,Eintracht Frankfurt,FC RFS,1,0,INT-Europa League,2425,,,uefa,TOURNAMENT,50072,2609104,GER,LVA,Eintracht Frankfurt|Frankfurt,FC RFS|RFS
2024-10-24,PAOK FC,FC Viktoria Plzeň,2,2,INT-Europa League,2425,,,uefa,TOURNAMENT,50130,64388,GRE,CZE,PAOK FC|PAOK,FC Viktoria Plzeň|Viktoria Plzeň
2024-10-24,Maccabi Tel-Aviv FC,Real Sociedad de Fútbol,1,2,INT-Europa League,2425,,,uefa,TOURNAMENT,57477,50123,ISR,ESP,Maccabi Tel-Aviv FC|M. Tel-Aviv,Real Sociedad de Fútbol|Real Sociedad
2024-10-24,Ferencvárosi TC,OGC Nice,1,0,INT-Europa League,2425,,,uefa,TOURNAMENT,52298,52355,HUN,FRA,Ferencvárosi TC|Ferencváros,OGC Nice|Nice
2024-10-24,Qarabağ FK,AFC Ajax,0,3,INT-Europa League,2425,,,uefa,TOURNAMENT,60609,50143,AZE,NED,Qarabağ FK|Qarabağ,AFC Ajax|Ajax
2024-10-24,FC Midtjylland,R. Union Saint-Gilloise,1,0,INT-Europa League,2425,,,uefa,TOURNAMENT,75795,64125,DEN,BEL,FC Midtjylland|Midtjylland,R. Union Saint-Gilloise|Union SG
2024-10-24,FC Porto,TSG 1899 Hoffenheim,2,0,INT-Europa League,2425,,,uefa,TOURNAMENT,50064,2600431,POR,GER,FC Porto|Porto,TSG 1899 Hoffenheim|Hoffenheim
2024-10-24,Rangers FC,Fotbal Club FCSB,4,0,INT-Europa League,2425,,,uefa,TOURNAMENT,50121,50065,SCO,ROU,Rangers FC|Rangers,Fotbal Club FCSB|FCSB
2024-10-24,Tottenham Hotspur,AZ Alkmaar,1,0,INT-Europa League,2425,,,uefa,TOURNAMENT,1652,52327,ENG,NED,Tottenham Hotspur|Tottenham,AZ Alkmaar
2024-10-24,Olympique Lyonnais,Beşiktaş JK,0,1,INT-Europa League,2425,,,uefa,TOURNAMENT,5312,50157,FRA,TUR,Olympique Lyonnais|Lyon,Beşiktaş JK|Beşiktaş
2024-10-24,Fenerbahçe SK,Manchester United,1,1,INT-Europa League,2425,,,uefa,TOURNAMENT,52692,52682,TUR,ENG,Fenerbahçe SK|Fenerbahçe,Manchester United|Man Utd
2024-10-24,Malmö FF,Olympiacos FC,0,1,INT-Europa League,2425,,,uefa,TOURNAMENT,50152,2610,SWE,GRE,Malmö FF|Malmö,Olympiacos FC|Olympiacos
2024-10-24,Athletic Club,SK Slavia Praha,1,0,INT-Europa League,2425,,,uefa,TOURNAMENT,50125,52498,ESP,CZE,Athletic Club,SK Slavia Praha|Slavia Praha
2024-10-24,RSC Anderlecht,PFC Ludogorets 1945,2,0,INT-Europa League,2425,,,uefa,TOURNAMENT,50074,2603104,BEL,BUL,RSC Anderlecht|Anderlecht,PFC Ludogorets 1945|Ludogorets
2024-10-24,FC Twente,S.S. Lazio,0,2,INT-Europa League,2425,,,uefa,TOURNAMENT,52818,52973,NED,ITA,FC Twente|Twente,S.S. Lazio|Lazio
2024-11-06,Beşiktaş JK,Malmö FF,2,1,INT-Europa League,2425,,,uefa,TOURNAMENT,50157,50152,TUR,SWE,Beşiktaş JK|Beşiktaş,Malmö FF|Malmö
2024-11-07,Eintracht Frankfurt,SK Slavia Praha,1,0,INT-Europa League,2425,,,uefa,TOURNAMENT,50072,52498,GER,CZE,Eintracht Frankfurt|Frankfurt,SK Slavia Praha|Slavia Praha
2024-11-07,Olympiacos FC,Rangers FC,1,1,INT-Europa League,2425,,,uefa,TOURNAMENT,2610,50121,GRE,SCO,Olympiacos FC|Olympiacos,Rangers FC|Rangers
2024-11-07,Galatasaray A.Ş.,Tottenham Hotspur,3,2,INT-Europa League,2425,,,uefa,TOURNAMENT,50067,1652,TUR,ENG,Galatasaray A.Ş.|Galatasaray,Tottenham Hotspur|Tottenham
2024-11-07,FK Bodø/Glimt,Qarabağ FK,1,2,INT-Europa League,2425,,,uefa,TOURNAMENT,59333,60609,NOR,AZE,FK Bodø/Glimt|Bodø/Glimt,Qarabağ FK|Qarabağ
2024-11-07,R. Union Saint-Gilloise,AS Roma,1,1,INT-Europa League,2425,,,uefa,TOURNAMENT,64125,50137,BEL,ITA,R. Union Saint-Gilloise|Union SG,AS Roma|Roma
2024-11-07,PFC Ludogorets 1945,Athletic Club,1,2,INT-Europa League,2425,,,uefa,TOURNAMENT,2603104,50125,BUL,ESP,PFC Ludogorets 1945|Ludogorets,Athletic Club
2024-11-07,OGC Nice,FC Twente,2,2,INT-Europa League,2425,,,uefa,TOURNAMENT,52355,52818,FRA,NED,OGC Nice|Nice,FC Twente|Twente
2024-11-07,Fotbal Club FCSB,FC Midtjylland,2,0,INT-Europa League,2425,,,uefa,TOURNAMENT,50065,75795,ROU,DEN,Fotbal Club FCSB|FCSB,FC Midtjylland|Midtjylland
2024-11-07,IF Elfsborg,SC Braga,1,1,INT-Europa League,2425,,,uefa,TOURNAMENT,52344,52336,SWE,POR,IF Elfsborg|Elfsborg,SC Braga|Braga
2024-11-07,Manchester United,PAOK FC,2,0,INT-Europa League,2425,,,uefa,TOURNAMENT,52682,50130,ENG,GRE,Manchester United|Man Utd,PAOK FC|PAOK
2024-11-07,AFC Ajax,Maccabi Tel-Aviv FC,5,0,INT-Europa League,2425,,,uefa,TOURNAMENT,50143,57477,NED,ISR,AFC Ajax|Ajax,Maccabi Tel-Aviv FC|M. Tel-Aviv
2024-11-07,S.S. Lazio,FC Porto,2,1,INT-Europa League,2425,,,uefa,TOURNAMENT,52973,50064,ITA,POR,S.S. Lazio|Lazio,FC Porto|Porto
2024-11-07,AZ Alkmaar,Fenerbahçe SK,3,1,INT-Europa League,2425,,,uefa,TOURNAMENT,52327,52692,NED,TUR,AZ Alkmaar,Fenerbahçe SK|Fenerbahçe
2024-11-07,FC Viktoria Plzeň,Real Sociedad de Fútbol,2,1,INT-Europa League,2425,,,uefa,TOURNAMENT,64388,50123,CZE,ESP,FC Viktoria Plzeň|Viktoria Plzeň,Real Sociedad de Fútbol|Real Sociedad
2024-11-07,FC Dynamo Kyiv,Ferencvárosi TC,0,4,INT-Europa League,2425,,,uefa,TOURNAMENT,52723,52298,UKR,HUN,FC Dynamo Kyiv|Dynamo Kyiv,Ferencvárosi TC|Ferencváros
2024-11-07,TSG 1899 Hoffenheim,Olympique Lyonnais,2,2,INT-Europa League,2425,,,uefa,TOURNAMENT,2600431,5312,GER,FRA,TSG 1899 Hoffenheim|Hoffenheim,Olympique Lyonnais|Lyon
2024-11-07,FC RFS,RSC Anderlecht,1,1,INT-Europa League,2425,,,uefa,TOURNAMENT,2609104,50074,LVA,BEL,FC RFS|RFS,RSC Anderlecht|Anderlecht
2024-11-28,S.S. Lazio,PFC Ludogorets 1945,0,0,INT-Europa League,2425,,,uefa,TOURNAMENT,52973,2603104,ITA,BUL,S.S. Lazio|Lazio,PFC Ludogorets 1945|Ludogorets
2024-11-28,AZ Alkmaar,Galatasaray A.Ş.,1,1,INT-Europa League,2425,,,uefa,TOURNAMENT,52327,50067,NED,TUR,AZ Alkmaar,Galatasaray A.Ş.|Galatasaray
2024-11-28,Qarabağ FK,Olympique Lyonnais,1,4,INT-Europa League,2425,,,uefa,TOURNAMENT,60609,5312,AZE,FRA,Qarabağ FK|Qarabağ,Olympique Lyonnais|Lyon
2024-11-28,FC Dynamo Kyiv,FC Viktoria Plzeň,1,2,INT-Europa League,2425,,,uefa,TOURNAMENT,52723,64388,UKR,CZE,FC Dynamo Kyiv|Dynamo Kyiv,FC Viktoria Plzeň|Viktoria Plzeň
2024-11-28,Athletic Club,IF Elfsborg,3,0,INT-Europa League,2425,,,uefa,TOURNAMENT,50125,52344,ESP,SWE,Athletic Club,IF Elfsborg|Elfsborg
2024-11-28,RSC Anderlecht,FC Porto,2,2,INT-Europa League,2425,,,uefa,TOURNAMENT,50074,50064,BEL,POR,RSC Anderlecht|Anderlecht,FC Porto|Porto
2024-11-28,Beşiktaş JK,Maccabi Tel-Aviv FC,1,3,INT-Europa League,2425,,,uefa,TOURNAMENT,50157,57477,TUR,ISR,Beşiktaş JK|Beşiktaş,Maccabi Tel-Aviv FC|M. Tel-Aviv
2024-11-28,FC RFS,PAOK FC,0,2,INT-Europa League,2425,,,uefa,TOURNAMENT,2609104,50130,LVA,GRE,FC RFS|RFS,PAOK FC|PAOK
2024-11-28,Manchester United,FK Bodø/Glimt,3,2,INT-Europa League,2425,,,uefa,TOURNAMENT,52682,59333,ENG,NOR,Manchester United|Man Utd,FK Bodø/Glimt|Bodø/Glimt
2024-11-28,Tottenham Hotspur,AS Roma,2,2,INT-Europa League,2425,,,uefa,TOURNAMENT,1652,50137,ENG,ITA,Tottenham Hotspur|Tottenham,AS Roma|Roma
2024-11-28,SK Slavia Praha,Fenerbahçe SK,1,2,INT-Europa League,2425,,,uefa,TOURNAMENT,52498,52692,CZE,TUR,SK Slavia Praha|Slavia Praha,Fenerbahçe SK|Fenerbahçe
2024-11-28,Real Sociedad de Fútbol,AFC Ajax,2,0,INT-Europa League,2425,,,uefa,TOURNAMENT,50123,50143,ESP,NED,Real Sociedad de Fútbol|Real Sociedad,AFC Ajax|Ajax
2024-11-28,SC Braga,TSG 1899 Hoffenheim,3,0,INT-Europa League,2425,,,uefa,TOURNAMENT,52336,2600431,POR,GER,SC Braga|Braga,TSG 1899 Hoffenheim|Hoffenheim
2024-11-28,Ferencvárosi TC,Malmö FF,4,1,INT-Europa League,2425,,,uefa,TOURNAMENT,52298,50152,HUN,SWE,Ferencvárosi TC|Ferencváros,Malmö FF|Malmö
2024-11-28,FC Midtjylland,Eintracht Frankfurt,1,2,INT-Europa League,2425,,,uefa,TOURNAMENT,75795,50072,DEN,GER,FC Midtjylland|Midtjylland,Eintracht Frankfurt|Frankfurt
2024-11-28,OGC Nice,Rangers FC,1,4,INT-Europa League,2425,,,uefa,TOURNAMENT,52355,50121,FRA,SCO,OGC Nice|Nice,Rangers FC|Rangers
2024-11-28,FC Twente,R. Union Saint-Gilloise,0,1,INT-Europa League,2425,,,uefa,TOURNAMENT,52818,64125,NED,BEL,FC Twente|Twente,R. Union Saint-Gilloise|Union SG
2024-11-28,Fotbal Club FCSB,Olympiacos FC,0,0,INT-Europa League,2425,,,uefa,TOURNAMENT,50065,2610,ROU,GRE,Fotbal Club FCSB|FCSB,Olympiacos FC|Olympiacos
2024-12-11,Fenerbahçe SK,Athletic Club,0,2,INT-Europa League,2425,,,uefa,TOURNAMENT,52692,50125,TUR,ESP,Fenerbahçe SK|Fenerbahçe,Athletic Club
2024-12-12,AS Roma,SC Braga,3,0,INT-Europa League,2425,,,uefa,TOURNAMENT,50137,52336,ITA,POR,AS Roma|Roma,SC Braga|Braga
2024-12-12,Olympiacos FC,FC Twente,0,0,INT-Europa League,2425,,,uefa,TOURNAMENT,2610,52818,GRE,NED,Olympiacos FC|Olympiacos,FC Twente|Twente
2024-12-12,PAOK FC,Ferencvárosi TC,5,0,INT-Europa League,2425,,,uefa,TOURNAMENT,50130,52298,GRE,HUN,PAOK FC|PAOK,Ferencvárosi TC|Ferencváros
2024-12-12,FC Viktoria Plzeň,Manchester United,1,2,INT-Europa League,2425,,,uefa,TOURNAMENT,64388,52682,CZE,ENG,FC Viktoria Plzeň|Viktoria Plzeň,Manchester United|Man Utd
2024-12-12,R. Union Saint-Gilloise,OGC Nice,2,1,INT-Europa League,2425,,,uefa,TOURNAMENT,64125,52355,BEL,FRA,R. Union Saint-Gilloise|Union SG,OGC Nice|Nice
2024-12-12,PFC Ludogorets 1945,AZ Alkmaar,2,2,INT-Europa League,2425,,,uefa,TOURNAMENT,2603104,52327,BUL,NED,PFC Ludogorets 1945|Ludogorets,AZ Alkmaar
2024-12-12,Malmö FF,Galatasaray A.Ş.,2,2,INT-Europa League,2425,,,uefa,TOURNAMENT,50152,50067,SWE,TUR,Malmö FF|Malmö,Galatasaray A.Ş.|Galatasaray
2024-12-12,TSG 1899 Hoffenheim,Fotbal Club FCSB,0,0,INT-Europa League,2425,,,uefa,TOURNAMENT,2600431,50065,GER,ROU,TSG 1899 Hoffenheim|Hoffenheim,Fotbal Club FCSB|FCSB
2024-12-12,FC Porto,FC Midtjylland,2,0,INT-Europa League,2425,,,uefa,TOURNAMENT,50064,75795,POR,DEN,FC Porto|Porto,FC Midtjylland|Midtjylland
2024-12-12,AFC Ajax,S.S. Lazio,1,3,INT-Europa League,2425,,,uefa,TOURNAMENT,50143,52973,NED,ITA,AFC Ajax|Ajax,S.S. Lazio|Lazio
2024-12-12,Rangers FC,Tottenham Hotspur,1,1,INT-Europa League,2425,,,uefa,TOURNAMENT,50121,1652,SCO,ENG,Rangers FC|Rangers,Tottenham Hotspur|Tottenham
2024-12-12,SK Slavia Praha,RSC Anderlecht,1,2,INT-Europa League,2425,,,uefa,TOURNAMENT,52498,50074,CZE,BEL,SK Slavia Praha|Slavia Praha,RSC Anderlecht|Anderlecht
2024-12-12,Real Sociedad de Fútbol,FC Dynamo Kyiv,3,0,INT-Europa League,2425,,,uefa,TOURNAMENT,50123,52723,ESP,UKR,Real Sociedad de Fútbol|Real Sociedad,FC Dynamo Kyiv|Dynamo Kyiv
2024-12-12,Olympique Lyonnais,Eintracht Frankfurt,3,2,INT-Europa League,2425,,,uefa,TOURNAMENT,5312,50072,FRA,GER,Olympique Lyonnais|Lyon,Eintracht Frankfurt|Frankfurt
2024-12-12,Maccabi Tel-Aviv FC,FC RFS,2,1,INT-Europa League,2425,,,uefa,TOURNAMENT,57477,2609104,ISR,LVA,Maccabi Tel-Aviv FC|M. Tel-Aviv,FC RFS|RFS
2024-12-12,FK Bodø/Glimt,Beşiktaş JK,2,1,INT-Europa League,2425,,,uefa,TOURNAMENT,59333,50157,NOR,TUR,FK Bodø/Glimt|Bodø/Glimt,Beşiktaş JK|Beşiktaş
2024-12-12,IF Elfsborg,Qarabağ FK,1,0,INT-Europa League,2425,,,uefa,TOURNAMENT,52344,60609,SWE,AZE,IF Elfsborg|Elfsborg,Qarabağ FK|Qarabağ
2025-01-21,Galatasaray A.Ş.,FC Dynamo Kyiv,3,3,INT-Europa League,2425,,,uefa,TOURNAMENT,50067,52723,TUR,UKR,Galatasaray A.Ş.|Galatasaray,FC Dynamo Kyiv|Dynamo Kyiv
2025-01-22,Beşiktaş JK,Athletic Club,4,1,INT-Europa League,2425,,,uefa,TOURNAMENT,50157,50125,TUR,ESP,Beşiktaş JK|Beşiktaş,Athletic Club
2025-01-23,FC Porto,Olympiacos FC,0,1,INT-Europa League,2425,,,uefa,TOURNAMENT,50064,2610,POR,GRE,FC Porto|Porto,Olympiacos FC|Olympiacos
2025-01-23,AZ Alkmaar,AS Roma,1,0,INT-Europa League,2425,,,uefa,TOURNAMENT,52327,50137,NED,ITA,AZ Alkmaar,AS Roma|Roma
2025-01-23,Fenerbahçe SK,Olympique Lyonnais,0,0,INT-Europa League,2425,,,uefa,TOURNAMENT,52692,5312,TUR,FRA,Fenerbahçe SK|Fenerbahçe,Olympique Lyonnais|Lyon
2025-01-23,Qarabağ FK,Fotbal Club FCSB,2,3,INT-Europa League,2425,,,uefa,TOURNAMENT,60609,50065,AZE,ROU,Qarabağ FK|Qarabağ,Fotbal Club FCSB|FCSB
2025-01-23,FC Viktoria Plzeň,RSC Anderlecht,2,0,INT-Europa League,2425,,,uefa,TOURNAMENT,64388,50074,CZE,BEL,FC Viktoria Plzeň|Viktoria Plzeň,RSC Anderlecht|Anderlecht
2025-01-23,FK Bodø/Glimt,Maccabi Tel-Aviv FC,3,1,INT-Europa League,2425,,,uefa,TOURNAMENT,59333,57477,NOR,ISR,FK Bodø/Glimt|Bodø/Glimt,Maccabi Tel-Aviv FC|M. Tel-Aviv
2025-01-23,Malmö FF,FC Twente,2,3,INT-Europa League,2425,,,uefa,TOURNAMENT,50152,52818,SWE,NED,Malmö FF|Malmö,FC Twente|Twente
2025-01-23,TSG 1899 Hoffenheim,Tottenham Hotspur,2,3,INT-Europa League,2425,,,uefa,TOURNAMENT,2600431,1652,GER,ENG,TSG 1899 Hoffenheim|Hoffenheim,Tottenham Hotspur|Tottenham
2025-01-23,Manchester United,Rangers FC,2,1,INT-Europa League,2425,,,uefa,TOURNAMENT,52682,50121,ENG,SCO,Manchester United|Man Utd,Rangers FC|Rangers
2025-01-23,Eintracht Frankfurt,Ferencvárosi TC,2,0,INT-Europa League,2425,,,uefa,TOURNAMENT,50072,52298,GER,HUN,Eintracht Frankfurt|Frankfurt,Ferencvárosi TC|Ferencváros
2025-01-23,S.S. Lazio,Real Sociedad de Fútbol,3,1,INT-Europa League,2425,,,uefa,TOURNAMENT,52973,50123,ITA,ESP,S.S. Lazio|Lazio,Real Sociedad de Fútbol|Real Sociedad
2025-01-23,PAOK FC,SK Slavia Praha,2,0,INT-Europa League,2425,,,uefa,TOURNAMENT,50130,52498,GRE,CZE,PAOK FC|PAOK,SK Slavia Praha|Slavia Praha
2025-01-23,R. Union Saint-Gilloise,SC Braga,2,1,INT-Europa League,2425,,,uefa,TOURNAMENT,64125,52336,BEL,POR,R. Union Saint-Gilloise|Union SG,SC Braga|Braga
2025-01-23,PFC Ludogorets 1945,FC Midtjylland,0,2,INT-Europa League,2425,,,uefa,TOURNAMENT,2603104,75795,BUL,DEN,PFC Ludogorets 1945|Ludogorets,FC Midtjylland|Midtjylland
2025-01-23,FC RFS,AFC Ajax,1,0,INT-Europa League,2425,,,uefa,TOURNAMENT,2609104,50143,LVA,NED,FC RFS|RFS,AFC Ajax|Ajax
2025-01-23,IF Elfsborg,OGC Nice,1,0,INT-Europa League,2425,,,uefa,TOURNAMENT,52344,52355,SWE,FRA,IF Elfsborg|Elfsborg,OGC Nice|Nice
2025-01-30,AS Roma,Eintracht Frankfurt,2,0,INT-Europa League,2425,,,uefa,TOURNAMENT,50137,50072,ITA,GER,AS Roma|Roma,Eintracht Frankfurt|Frankfurt
2025-01-30,AFC Ajax,Galatasaray A.Ş.,2,1,INT-Europa League,2425,,,uefa,TOURNAMENT,50143,50067,NED,TUR,AFC Ajax|Ajax,Galatasaray A.Ş.|Galatasaray
2025-01-30,Rangers FC,R. Union Saint-Gilloise,2,1,INT-Europa League,2425,,,uefa,TOURNAMENT,50121,64125,SCO,BEL,Rangers FC|Rangers,R. Union Saint-Gilloise|Union SG
2025-01-30,Tottenham Hotspur,IF Elfsborg,3,0,INT-Europa League,2425,,,uefa,TOURNAMENT,1652,52344,ENG,SWE,Tottenham Hotspur|Tottenham,IF Elfsborg|Elfsborg
2025-01-30,SK Slavia Praha,Malmö FF,2,2,INT-Europa League,2425,,,uefa,TOURNAMENT,52498,50152,CZE,SWE,SK Slavia Praha|Slavia Praha,Malmö FF|Malmö
2025-01-30,Real Sociedad de Fútbol,PAOK FC,2,0,INT-Europa League,2425,,,uefa,TOURNAMENT,50123,50130,ESP,GRE,Real Sociedad de Fútbol|Real Sociedad,PAOK FC|PAOK
2025-01-30,SC Braga,S.S. Lazio,1,0,INT-Europa League,2425,,,uefa,TOURNAMENT,52336,52973,POR,ITA,SC Braga|Braga,S.S. Lazio|Lazio
2025-01-30,Olympiacos FC,Qarabağ FK,3,0,INT-Europa League,2425,,,uefa,TOURNAMENT,2610,60609,GRE,AZE,Olympiacos FC|Olympiacos,Qarabağ FK|Qarabağ
2025-01-30,Olympique Lyonnais,PFC Ludogorets 1945,1,1,INT-Europa League,2425,,,uefa,TOURNAMENT,5312,2603104,FRA,BUL,Olympique Lyonnais|Lyon,PFC Ludogorets 1945|Ludogorets
2025-01-30,Maccabi Tel-Aviv FC,FC Porto,0,1,INT-Europa League,2425,,,uefa,TOURNAMENT,57477,50064,ISR,POR,Maccabi Tel-Aviv FC|M. Tel-Aviv,FC Porto|Porto
2025-01-30,Ferencvárosi TC,AZ Alkmaar,4,3,INT-Europa League,2425,,,uefa,TOURNAMENT,52298,52327,HUN,NED,Ferencvárosi TC|Ferencváros,AZ Alkmaar
2025-01-30,FC Dynamo Kyiv,FC RFS,1,0,INT-Europa League,2425,,,uefa,TOURNAMENT,52723,2609104,UKR,LVA,FC Dynamo Kyiv|Dynamo Kyiv,FC RFS|RFS
2025-01-30,FC Midtjylland,Fenerbahçe SK,2,2,INT-Europa League,2425,,,uefa,TOURNAMENT,75795,52692,DEN,TUR,FC Midtjylland|Midtjylland,Fenerbahçe SK|Fenerbahçe
2025-01-30,Athletic Club,FC Viktoria Plzeň,3,1,INT-Europa League,2425,,,uefa,TOURNAMENT,50125,64388,ESP,CZE,Athletic Club,FC Viktoria Plzeň|Viktoria Plzeň
2025-01-30,OGC Nice,FK Bodø/Glimt,1,1,INT-Europa League,2425,,,uefa,TOURNAMENT,52355,59333,FRA,NOR,OGC Nice|Nice,FK Bodø/Glimt|Bodø/Glimt
2025-01-30,RSC Anderlecht,TSG 1899 Hoffenheim,3,4,INT-Europa League,2425,,,uefa,TOURNAMENT,50074,2600431,BEL,GER,RSC Anderlecht|Anderlecht,TSG 1899 Hoffenheim|Hoffenheim
2025-01-30,FC Twente,Beşiktaş JK,1,0,INT-Europa League,2425,,,uefa,TOURNAMENT,52818,50157,NED,TUR,FC Twente|Twente,Beşiktaş JK|Beşiktaş
2025-01-30,Fotbal Club FCSB,Manchester United,0,2,INT-Europa League,2425,,,uefa,TOURNAMENT,50065,52682,ROU,ENG,Fotbal Club FCSB|FCSB,Manchester United|Man Utd
2025-02-13,Ferencvárosi TC,FC Viktoria Plzeň,1,0,INT-Europa League,2425,,,uefa,TOURNAMENT,52298,64388,HUN,CZE,Ferencvárosi TC|Ferencváros,FC Viktoria Plzeň|Viktoria Plzeň
2025-02-13,R. Union Saint-Gilloise,AFC Ajax,0,2,INT-Europa League,2425,,,uefa,TOURNAMENT,64125,50143,BEL,NED,R. Union Saint-Gilloise|Union SG,AFC Ajax|Ajax
2025-02-13,FC Midtjylland,Real Sociedad de Fútbol,1,2,INT-Europa League,2425,,,uefa,TOURNAMENT,75795,50123,DEN,ESP,FC Midtjylland|Midtjylland,Real Sociedad de Fútbol|Real Sociedad
2025-02-13,Fenerbahçe SK,RSC Anderlecht,3,0,INT-Europa League,2425,,,uefa,TOURNAMENT,52692,50074,TUR,BEL,Fenerbahçe SK|Fenerbahçe,RSC Anderlecht|Anderlecht
2025-02-13,FC Twente,FK Bodø/Glimt,2,1,INT-Europa League,2425,,,uefa,TOURNAMENT,52818,59333,NED,NOR,FC Twente|Twente,FK Bodø/Glimt|Bodø/Glimt
2025-02-13,AZ Alkmaar,Galatasaray A.Ş.,4,1,INT-Europa League,2425,,,uefa,TOURNAMENT,52327,50067,NED,TUR,AZ Alkmaar,Galatasaray A.Ş.|Galatasaray
2025-02-13,PAOK FC,Fotbal Club FCSB,1,2,INT-Europa League,2425,,,uefa,TOURNAMENT,50130,50065,GRE,ROU,PAOK FC|PAOK,Fotbal Club FCSB|FCSB
2025-02-13,FC Porto,AS Roma,1,1,INT-Europa League,2425,,,uefa,TOURNAMENT,50064,50137,POR,ITA,FC Porto|Porto,AS Roma|Roma
2025-02-20,FK Bodø/Glimt,FC Twente,3,2,INT-Europa League,2425,,,uefa,TOURNAMENT,59333,52818,NOR,NED,FK Bodø/Glimt|Bodø/Glimt,FC Twente|Twente
2025-02-20,Galatasaray A.Ş.,AZ Alkmaar,2,2,INT-Europa League,2425,,,uefa,TOURNAMENT,50067,52327,TUR,NED,Galatasaray A.Ş.|Galatasaray,AZ Alkmaar
2025-02-20,Fotbal Club FCSB,PAOK FC,2,0,INT-Europa League,2425,,,uefa,TOURNAMENT,50065,50130,ROU,GRE,Fotbal Club FCSB|FCSB,PAOK FC|PAOK
2025-02-20,AS Roma,FC Porto,3,2,INT-Europa League,2425,,,uefa,TOURNAMENT,50137,50064,ITA,POR,AS Roma|Roma,FC Porto|Porto
2025-02-20,FC Viktoria Plzeň,Ferencvárosi TC,3,0,INT-Europa League,2425,,,uefa,TOURNAMENT,64388,52298,CZE,HUN,FC Viktoria Plzeň|Viktoria Plzeň,Ferencvárosi TC|Ferencváros
2025-02-20,AFC Ajax,R. Union Saint-Gilloise,0,2,INT-Europa League,2425,,,uefa,TOURNAMENT,50143,64125,NED,BEL,AFC Ajax|Ajax,R. Union Saint-Gilloise|Union SG
2025-02-20,Real Sociedad de Fútbol,FC Midtjylland,5,2,INT-Europa League,2425,,,uefa,TOURNAMENT,50123,75795,ESP,DEN,Real Sociedad de Fútbol|Real Sociedad,FC Midtjylland|Midtjylland
2025-02-20,RSC Anderlecht,Fenerbahçe SK,2,2,INT-Europa League,2425,,,uefa,TOURNAMENT,50074,52692,BEL,TUR,RSC Anderlecht|Anderlecht,Fenerbahçe SK|Fenerbahçe
2025-03-06,AZ Alkmaar,Tottenham Hotspur,1,0,INT-Europa League,2425,,,uefa,TOURNAMENT,52327,1652,NED,ENG,AZ Alkmaar,Tottenham Hotspur|Tottenham
2025-03-06,Real Sociedad de Fútbol,Manchester United,1,1,INT-Europa League,2425,,,uefa,TOURNAMENT,50123,52682,ESP,ENG,Real Sociedad de Fútbol|Real Sociedad,Manchester United|Man Utd
2025-03-06,Fotbal Club FCSB,Olympique Lyonnais,1,3,INT-Europa League,2425,,,uefa,TOURNAMENT,50065,5312,ROU,FRA,Fotbal Club FCSB|FCSB,Olympique Lyonnais|Lyon
2025-03-06,Fenerbahçe SK,Rangers FC,1,3,INT-Europa League,2425,,,uefa,TOURNAMENT,52692,50121,TUR,SCO,Fenerbahçe SK|Fenerbahçe,Rangers FC|Rangers
2025-03-06,FC Viktoria Plzeň,S.S. Lazio,1,2,INT-Europa League,2425,,,uefa,TOURNAMENT,64388,52973,CZE,ITA,FC Viktoria Plzeň|Viktoria Plzeň,S.S. Lazio|Lazio
2025-03-06,FK Bodø/Glimt,Olympiacos FC,3,0,INT-Europa League,2425,,,uefa,TOURNAMENT,59333,2610,NOR,GRE,FK Bodø/Glimt|Bodø/Glimt,Olympiacos FC|Olympiacos
2025-03-06,AFC Ajax,Eintracht Frankfurt,1,2,INT-Europa League,2425,,,uefa,TOURNAMENT,50143,50072,NED,GER,AFC Ajax|Ajax,Eintracht Frankfurt|Frankfurt
2025-03-06,AS Roma,Athletic Club,2,1,INT-Europa League,2425,,,uefa,TOURNAMENT,50137,50125,ITA,ESP,AS Roma|Roma,Athletic Club
2025-03-13,S.S. Lazio,FC Viktoria Plzeň,1,1,INT-Europa League,2425,,,uefa,TOURNAMENT,52973,64388,ITA,CZE,S.S. Lazio|Lazio,FC Viktoria Plzeň|Viktoria Plzeň
2025-03-13,Olympiacos FC,FK Bodø/Glimt,2,1,INT-Europa League,2425,,,uefa,TOURNAMENT,2610,59333,GRE,NOR,Olympiacos FC|Olympiacos,FK Bodø/Glimt|Bodø/Glimt
2025-03-13,Eintracht Frankfurt,AFC Ajax,4,1,INT-Europa League,2425,,,uefa,TOURNAMENT,50072,50143,GER,NED,Eintracht Frankfurt|Frankfurt,AFC Ajax|Ajax
2025-03-13,Athletic Club,AS Roma,3,1,INT-Europa League,2425,,,uefa,TOURNAMENT,50125,50137,ESP,ITA,Athletic Club,AS Roma|Roma
2025-03-13,Tottenham Hotspur,AZ Alkmaar,3,1,INT-Europa League,2425,,,uefa,TOURNAMENT,1652,52327,ENG,NED,Tottenham Hotspur|Tottenham,AZ Alkmaar
2025-03-13,Manchester United,Real Sociedad de Fútbol,4,1,INT-Europa League,2425,,,uefa,TOURNAMENT,52682,50123,ENG,ESP,Manchester United|Man Utd,Real Sociedad de Fútbol|Real Sociedad
2025-03-13,Olympique Lyonnais,Fotbal Club FCSB,4,0,INT-Europa League,2425,,,uefa,TOURNAMENT,5312,50065,FRA,ROU,Olympique Lyonnais|Lyon,Fotbal Club FCSB|FCSB
2025-03-13,Rangers FC,Fenerbahçe SK,0,2,INT-Europa League,2425,,,uefa,TOURNAMENT,50121,52692,SCO,TUR,Rangers FC|Rangers,Fenerbahçe SK|Fenerbahçe
2025-04-10,FK Bodø/Glimt,S.S. Lazio,2,0,INT-Europa League,2425,,,uefa,TOURNAMENT,59333,52973,NOR,ITA,FK Bodø/Glimt|Bodø/Glimt,S.S. Lazio|Lazio
2025-04-10,Tottenham Hotspur,Eintracht Frankfurt,1,1,INT-Europa League,2425,,,uefa,TOURNAMENT,1652,50072,ENG,GER,Tottenham Hotspur|Tottenham,Eintracht Frankfurt|Frankfurt
2025-04-10,Olympique Lyonnais,Manchester United,2,2,INT-Europa League,2425,,,uefa,TOURNAMENT,5312,52682,FRA,ENG,Olympique Lyonnais|Lyon,Manchester United|Man Utd
2025-04-10,Rangers FC,Athletic Club,0,0,INT-Europa League,2425,,,uefa,TOURNAMENT,50121,50125,SCO,ESP,Rangers FC|Rangers,Athletic Club
2025-04-17,S.S. Lazio,FK Bodø/Glimt,2,0,INT-Europa League,2425,,,uefa,TOURNAMENT,52973,59333,ITA,NOR,S.S. Lazio|Lazio,FK Bodø/Glimt|Bodø/Glimt
2025-04-17,Eintracht Frankfurt,Tottenham Hotspur,0,1,INT-Europa League,2425,,,uefa,TOURNAMENT,50072,1652,GER,ENG,Eintracht Frankfurt|Frankfurt,Tottenham Hotspur|Tottenham
2025-04-17,Manchester United,Olympique Lyonnais,2,2,INT-Europa League,2425,,,uefa,TOURNAMENT,52682,5312,ENG,FRA,Manchester United|Man Utd,Olympique Lyonnais|Lyon
2025-04-17,Athletic Club,Rangers FC,2,0,INT-Europa League,2425,,,uefa,TOURNAMENT,50125,50121,ESP,SCO,Athletic Club,Rangers FC|Rangers
2025-05-01,Tottenham Hotspur,FK Bodø/Glimt,3,1,INT-Europa League,2425,,,uefa,TOURNAMENT,1652,59333,ENG,NOR,Tottenham Hotspur|Tottenham,FK Bodø/Glimt|Bodø/Glimt
2025-05-01,Athletic Club,Manchester United,0,3,INT-Europa League,2425,,,uefa,TOURNAMENT,50125,52682,ESP,ENG,Athletic Club,Manchester United|Man Utd
2025-05-08,FK Bodø/Glimt,Tottenham Hotspur,0,2,INT-Europa League,2425,,,uefa,TOURNAMENT,59333,1652,NOR,ENG,FK Bodø/Glimt|Bodø/Glimt,Tottenham Hotspur|Tottenham
2025-05-08,Manchester United,Athletic Club,4,1,INT-Europa League,2425,,,uefa,TOURNAMENT,52682,50125,ENG,ESP,Manchester United|Man Utd,Athletic Club
2025-05-21,Tottenham Hotspur,Manchester United,1,0,INT-Europa League,2425,,,uefa,TOURNAMENT,1652,52682,ENG,ENG,Tottenham Hotspur|Tottenham,Manchester United|Man Utd
