date,home_team,away_team,home_score,away_score,season,league
2023-09-21,AC Sparta Praha,Aris Limassol,3,2,2324,INT-Europa League
2023-09-21,AFC Ajax,Olympique Marseille,3,3,2324,INT-Europa League
2023-09-21,Atalanta,Raków Częstochowa,2,0,2324,INT-Europa League
2023-09-21,Bayer Leverkusen,BK Häcken,4,0,2324,INT-Europa League
2023-09-21,Brighton & Hove Albion,AEK Athen,2,3,2324,INT-Europa League
2023-09-21,FC Sheriff,AS Roma,1,2,2324,INT-Europa League
2023-09-21,LASK,Liverpool FC,1,3,2324,INT-Europa League
2023-09-21,Olympiakos Piraeus,SC Freiburg,2,3,2324,INT-Europa League
2023-09-21,Panathinaikos,Villarreal CF,2,0,2324,INT-Europa League
2023-09-21,Qarabağ FK,Molde FK,1,0,2324,INT-Europa League
2023-09-21,Rangers FC,Real Betis,1,0,2324,INT-Europa League
2023-09-21,Servette FC,Slavia Praha,0,2,2324,INT-Europa League
2023-09-21,Stade Rennais,Maccabi Haifa,3,0,2324,INT-Europa League
2023-09-21,Sturm Graz,Sporting CP,1,2,2324,INT-Europa League
2023-09-21,Union Saint-Gilloise,Toulouse FC,1,1,2324,INT-Europa League
2023-09-21,West Ham United,TSC Bačka Topola,3,1,2324,INT-Europa League
2023-10-05,AEK Athen,AFC Ajax,1,1,2324,INT-Europa League
2023-10-05,AS Roma,Servette FC,4,0,2324,INT-Europa League
2023-10-05,Aris Limassol,Rangers FC,2,1,2324,INT-Europa League
2023-10-05,BK Häcken,Qarabağ FK,0,1,2324,INT-Europa League
2023-10-05,Liverpool FC,Union Saint-Gilloise,2,0,2324,INT-Europa League
2023-10-05,Maccabi Haifa,Panathinaikos,0,0,2324,INT-Europa League
2023-10-05,Molde FK,Bayer Leverkusen,1,2,2324,INT-Europa League
2023-10-05,Olympique Marseille,Brighton & Hove Albion,2,2,2324,INT-Europa League
2023-10-05,Raków Częstochowa,Sturm Graz,0,1,2324,INT-Europa League
2023-10-05,Real Betis,AC Sparta Praha,2,1,2324,INT-Europa League
2023-10-05,SC Freiburg,West Ham United,1,2,2324,INT-Europa League
2023-10-05,Slavia Praha,FC Sheriff,6,0,2324,INT-Europa League
2023-10-05,Sporting CP,Atalanta,1,2,2324,INT-Europa League
2023-10-05,TSC Bačka Topola,Olympiakos Piraeus,2,2,2324,INT-Europa League
2023-10-05,Toulouse FC,LASK,1,0,2324,INT-Europa League
2023-10-05,Villarreal CF,Stade Rennais,1,0,2324,INT-Europa League
2023-10-26,AC Sparta Praha,Rangers FC,0,0,2324,INT-Europa League
2023-10-26,AS Roma,Slavia Praha,2,0,2324,INT-Europa League
2023-10-26,Aris Limassol,Real Betis,0,1,2324,INT-Europa League
2023-10-26,Bayer Leverkusen,Qarabağ FK,5,1,2324,INT-Europa League
2023-10-26,Brighton & Hove Albion,AFC Ajax,2,0,2324,INT-Europa League
2023-10-26,FC Sheriff,Servette FC,1,1,2324,INT-Europa League
2023-10-26,Liverpool FC,Toulouse FC,5,1,2324,INT-Europa League
2023-10-26,Molde FK,BK Häcken,5,1,2324,INT-Europa League
2023-10-26,Olympiakos Piraeus,West Ham United,2,1,2324,INT-Europa League
2023-10-26,Olympique Marseille,AEK Athen,3,1,2324,INT-Europa League
2023-10-26,Panathinaikos,Stade Rennais,1,2,2324,INT-Europa League
2023-10-26,Raków Częstochowa,Sporting CP,1,1,2324,INT-Europa League
2023-10-26,Sturm Graz,Atalanta,2,2,2324,INT-Europa League
2023-10-26,TSC Bačka Topola,SC Freiburg,1,3,2324,INT-Europa League
2023-10-26,Union Saint-Gilloise,LASK,2,1,2324,INT-Europa League
2023-11-09,AEK Athen,Olympique Marseille,0,2,2324,INT-Europa League
2023-11-09,AFC Ajax,Brighton & Hove Albion,0,2,2324,INT-Europa League
2023-11-09,Atalanta,Sturm Graz,1,0,2324,INT-Europa League
2023-11-09,BK Häcken,Molde FK,1,3,2324,INT-Europa League
2023-11-09,LASK,Union Saint-Gilloise,3,0,2324,INT-Europa League
2023-11-09,Maccabi Haifa,Villarreal CF,1,2,2324,INT-Europa League
2023-11-09,Qarabağ FK,Bayer Leverkusen,0,1,2324,INT-Europa League
2023-11-09,Rangers FC,AC Sparta Praha,2,1,2324,INT-Europa League
2023-11-09,Real Betis,Aris Limassol,4,1,2324,INT-Europa League
2023-11-09,SC Freiburg,TSC Bačka Topola,5,0,2324,INT-Europa League
2023-11-09,Servette FC,FC Sheriff,2,1,2324,INT-Europa League
2023-11-09,Slavia Praha,AS Roma,2,0,2324,INT-Europa League
2023-11-09,Sporting CP,Raków Częstochowa,2,1,2324,INT-Europa League
2023-11-09,Stade Rennais,Panathinaikos,3,1,2324,INT-Europa League
2023-11-09,Toulouse FC,Liverpool FC,3,2,2324,INT-Europa League
2023-11-09,West Ham United,Olympiakos Piraeus,1,0,2324,INT-Europa League
2023-11-30,AC Sparta Praha,Real Betis,1,0,2324,INT-Europa League
2023-11-30,AEK Athen,Brighton & Hove Albion,0,1,2324,INT-Europa League
2023-11-30,Atalanta,Sporting CP,1,1,2324,INT-Europa League
2023-11-30,BK Häcken,Bayer Leverkusen,0,2,2324,INT-Europa League
2023-11-30,FC Sheriff,Slavia Praha,2,3,2324,INT-Europa League
2023-11-30,Liverpool FC,LASK,4,0,2324,INT-Europa League
2023-11-30,Maccabi Haifa,Stade Rennais,0,3,2324,INT-Europa League
2023-11-30,Molde FK,Qarabağ FK,2,2,2324,INT-Europa League
2023-11-30,Olympique Marseille,AFC Ajax,4,3,2324,INT-Europa League
2023-11-30,Rangers FC,Aris Limassol,1,1,2324,INT-Europa League
2023-11-30,SC Freiburg,Olympiakos Piraeus,5,0,2324,INT-Europa League
2023-11-30,Servette FC,AS Roma,1,1,2324,INT-Europa League
2023-11-30,Sturm Graz,Raków Częstochowa,0,1,2324,INT-Europa League
2023-11-30,TSC Bačka Topola,West Ham United,0,1,2324,INT-Europa League
2023-11-30,Toulouse FC,Union Saint-Gilloise,0,0,2324,INT-Europa League
2023-11-30,Villarreal CF,Panathinaikos,3,2,2324,INT-Europa League
2023-12-06,Villarreal CF,Maccabi Haifa,0,0,2324,INT-Europa League
2023-12-14,AFC Ajax,AEK Athen,3,1,2324,INT-Europa League
2023-12-14,AS Roma,FC Sheriff,3,0,2324,INT-Europa League
2023-12-14,Aris Limassol,AC Sparta Praha,1,3,2324,INT-Europa League
2023-12-14,Bayer Leverkusen,Molde FK,5,1,2324,INT-Europa League
2023-12-14,Brighton & Hove Albion,Olympique Marseille,1,0,2324,INT-Europa League
2023-12-14,LASK,Toulouse FC,1,2,2324,INT-Europa League
2023-12-14,Olympiakos Piraeus,TSC Bačka Topola,5,2,2324,INT-Europa League
2023-12-14,Panathinaikos,Maccabi Haifa,1,2,2324,INT-Europa League
2023-12-14,Qarabağ FK,BK Häcken,2,1,2324,INT-Europa League
2023-12-14,Raków Częstochowa,Atalanta,0,4,2324,INT-Europa League
2023-12-14,Real Betis,Rangers FC,2,3,2324,INT-Europa League
2023-12-14,Slavia Praha,Servette FC,4,0,2324,INT-Europa League
2023-12-14,Sporting CP,Sturm Graz,3,0,2324,INT-Europa League
2023-12-14,Stade Rennais,Villarreal CF,2,3,2324,INT-Europa League
2023-12-14,Union Saint-Gilloise,Liverpool FC,2,1,2324,INT-Europa League
2023-12-14,West Ham United,SC Freiburg,2,0,2324,INT-Europa League
2024-02-15,AC Milan,Stade Rennais,3,0,2324,INT-Europa League
2024-02-15,BSC Young Boys,Sporting CP,1,3,2324,INT-Europa League
2024-02-15,Feyenoord,AS Roma,1,1,2324,INT-Europa League
2024-02-15,Galatasaray,AC Sparta Praha,3,2,2324,INT-Europa League
2024-02-15,RC Lens,SC Freiburg,0,0,2324,INT-Europa League
2024-02-15,SL Benfica,Toulouse FC,2,1,2324,INT-Europa League
2024-02-15,Shakhtar Donetsk,Olympique Marseille,2,2,2324,INT-Europa League
2024-02-15,Sporting Braga,Qarabağ FK,2,4,2324,INT-Europa League
2024-02-22,AC Sparta Praha,Galatasaray,4,1,2324,INT-Europa League
2024-02-22,AS Roma,Feyenoord,1,1,2324,INT-Europa League
2024-02-22,Olympique Marseille,Shakhtar Donetsk,3,1,2324,INT-Europa League
2024-02-22,Qarabağ FK,Sporting Braga,0,2,2324,INT-Europa League
2024-02-22,SC Freiburg,RC Lens,2,2,2324,INT-Europa League
2024-02-22,Sporting CP,BSC Young Boys,1,1,2324,INT-Europa League
2024-02-22,Stade Rennais,AC Milan,3,2,2324,INT-Europa League
2024-02-22,Toulouse FC,SL Benfica,0,0,2324,INT-Europa League
2024-03-06,Sporting CP,Atalanta,1,1,2324,INT-Europa League
2024-03-07,AC Milan,Slavia Praha,4,2,2324,INT-Europa League
2024-03-07,AC Sparta Praha,Liverpool FC,1,5,2324,INT-Europa League
2024-03-07,AS Roma,Brighton & Hove Albion,4,0,2324,INT-Europa League
2024-03-07,Olympique Marseille,Villarreal CF,4,0,2324,INT-Europa League
2024-03-07,Qarabağ FK,Bayer Leverkusen,2,2,2324,INT-Europa League
2024-03-07,SC Freiburg,West Ham United,1,0,2324,INT-Europa League
2024-03-07,SL Benfica,Rangers FC,2,2,2324,INT-Europa League
2024-03-14,Atalanta,Sporting CP,2,1,2324,INT-Europa League
2024-03-14,Bayer Leverkusen,Qarabağ FK,3,2,2324,INT-Europa League
2024-03-14,Brighton & Hove Albion,AS Roma,1,0,2324,INT-Europa League
2024-03-14,Liverpool FC,AC Sparta Praha,6,1,2324,INT-Europa League
2024-03-14,Rangers FC,SL Benfica,0,1,2324,INT-Europa League
2024-03-14,Slavia Praha,AC Milan,1,3,2324,INT-Europa League
2024-03-14,Villarreal CF,Olympique Marseille,3,1,2324,INT-Europa League
2024-03-14,West Ham United,SC Freiburg,5,0,2324,INT-Europa League
2024-04-11,AC Milan,AS Roma,0,1,2324,INT-Europa League
2024-04-11,Bayer Leverkusen,West Ham United,2,0,2324,INT-Europa League
2024-04-11,Liverpool FC,Atalanta,0,3,2324,INT-Europa League
2024-04-11,SL Benfica,Olympique Marseille,2,1,2324,INT-Europa League
2024-04-18,AS Roma,AC Milan,2,1,2324,INT-Europa League
2024-04-18,Atalanta,Liverpool FC,0,1,2324,INT-Europa League
2024-04-18,Olympique Marseille,SL Benfica,1,0,2324,INT-Europa League
2024-04-18,West Ham United,Bayer Leverkusen,1,1,2324,INT-Europa League
2024-05-02,AS Roma,Bayer Leverkusen,0,2,2324,INT-Europa League
2024-05-02,Olympique Marseille,Atalanta,1,1,2324,INT-Europa League
2024-05-09,Atalanta,Olympique Marseille,3,0,2324,INT-Europa League
2024-05-09,Bayer Leverkusen,AS Roma,2,2,2324,INT-Europa League
2024-05-22,Atalanta,Bayer Leverkusen,3,0,2324,INT-Europa League
2024-07-11,Botev Plovdiv,NK Maribor,2,1,2425,INT-Europa League
2024-07-11,FC Sheriff,Zira FK,0,1,2425,INT-Europa League
2024-07-11,IF Elfsborg,Paphos FC,3,0,2425,INT-Europa League
2024-07-11,MFK Ružomberok,Tobyl Kostanay,5,2,2425,INT-Europa League
2024-07-11,Paksi SE,FC Corvinul Hunedoara,0,4,2425,INT-Europa League
2024-07-11,Wisła Kraków,KF Llapi,2,0,2425,INT-Europa League
2024-07-18,FC Corvinul Hunedoara,Paksi SE,0,2,2425,INT-Europa League
2024-07-18,KF Llapi,Wisła Kraków,1,2,2425,INT-Europa League
2024-07-18,NK Maribor,Botev Plovdiv,2,2,2425,INT-Europa League
2024-07-18,Paphos FC,IF Elfsborg,2,5,2425,INT-Europa League
2024-07-18,Tobyl Kostanay,MFK Ružomberok,1,0,2425,INT-Europa League
2024-07-18,Zira FK,FC Sheriff,1,2,2425,INT-Europa League
2024-07-25,AFC Ajax,Vojvodina,1,0,2425,INT-Europa League
2024-07-25,FC Corvinul Hunedoara,HNK Rijeka,0,0,2425,INT-Europa League
2024-07-25,FC Sheriff,IF Elfsborg,0,1,2425,INT-Europa League
2024-07-25,Kilmarnock FC,Cercle Brugge,1,1,2425,INT-Europa League
2024-07-25,MFK Ružomberok,Trabzonspor,0,2,2425,INT-Europa League
2024-07-25,Molde FK,Silkeborg IF,3,1,2425,INT-Europa League
2024-07-25,Panathinaikos,Botev Plovdiv,2,1,2425,INT-Europa League
2024-07-25,Sporting Braga,Maccabi Petach-Tikva,2,0,2425,INT-Europa League
2024-07-25,Wisła Kraków,Rapid Wien,1,2,2425,INT-Europa League
2024-08-01,Botev Plovdiv,Panathinaikos,0,4,2425,INT-Europa League
2024-08-01,Cercle Brugge,Kilmarnock FC,1,0,2425,INT-Europa League
2024-08-01,HNK Rijeka,FC Corvinul Hunedoara,1,0,2425,INT-Europa League
2024-08-01,IF Elfsborg,FC Sheriff,2,0,2425,INT-Europa League
2024-08-01,Maccabi Petach-Tikva,Sporting Braga,0,5,2425,INT-Europa League
2024-08-01,Rapid Wien,Wisła Kraków,6,1,2425,INT-Europa League
2024-08-01,Silkeborg IF,Molde FK,3,2,2425,INT-Europa League
2024-08-01,Trabzonspor,MFK Ružomberok,1,0,2425,INT-Europa League
2024-08-01,Vojvodina,AFC Ajax,1,3,2425,INT-Europa League
2024-08-06,CS Petrocub,The New Saints,1,0,2425,INT-Europa League
2024-08-06,FK Panevėžys,Maccabi Tel Aviv,1,2,2425,INT-Europa League
2024-08-08,Dinamo Minsk,Lincoln Red Imps,2,0,2425,INT-Europa League
2024-08-08,HNK Rijeka,IF Elfsborg,1,1,2425,INT-Europa League
2024-08-08,Kryvbas Kryvyi Rih,Viktoria Plzeň,1,2,2425,INT-Europa League
2024-08-08,KÍ Klaksvík,Borac Banja Luka,2,1,2425,INT-Europa League
2024-08-08,Molde FK,Cercle Brugge,3,0,2425,INT-Europa League
2024-08-08,NK Celje,Shamrock Rovers,1,0,2425,INT-Europa League
2024-08-08,Panathinaikos,AFC Ajax,0,1,2425,INT-Europa League
2024-08-08,Partizan,FC Lugano,0,1,2425,INT-Europa League
2024-08-08,Sporting Braga,Servette FC,0,0,2425,INT-Europa League
2024-08-08,Trabzonspor,Rapid Wien,0,1,2425,INT-Europa League
2024-08-08,UE Santa Coloma,FK RFS,0,2,2425,INT-Europa League
2024-08-13,The New Saints,CS Petrocub,0,0,2425,INT-Europa League
2024-08-14,FK RFS,UE Santa Coloma,7,0,2425,INT-Europa League
2024-08-15,AFC Ajax,Panathinaikos,0,1,2425,INT-Europa League
2024-08-15,Borac Banja Luka,KÍ Klaksvík,2,1,2425,INT-Europa League
2024-08-15,Cercle Brugge,Molde FK,1,0,2425,INT-Europa League
2024-08-15,FC Lugano,Partizan,1,2,2425,INT-Europa League
2024-08-15,IF Elfsborg,HNK Rijeka,2,0,2425,INT-Europa League
2024-08-15,Lincoln Red Imps,Dinamo Minsk,2,1,2425,INT-Europa League
2024-08-15,Maccabi Tel Aviv,FK Panevėžys,3,0,2425,INT-Europa League
2024-08-15,Rapid Wien,Trabzonspor,2,0,2425,INT-Europa League
2024-08-15,Servette FC,Sporting Braga,1,2,2425,INT-Europa League
2024-08-15,Shamrock Rovers,NK Celje,2,1,2425,INT-Europa League
2024-08-15,Viktoria Plzeň,Kryvbas Kryvyi Rih,1,0,2425,INT-Europa League
2024-08-22,Dinamo Minsk,RSC Anderlecht,0,1,2425,INT-Europa League
2024-08-22,FC Lugano,Beşiktaş,3,3,2425,INT-Europa League
2024-08-22,FK RFS,APOEL Nikosia,2,1,2425,INT-Europa League
2024-08-22,Ferencvárosi TC,Borac Banja Luka,0,0,2425,INT-Europa League
2024-08-22,Jagiellonia Białystok,AFC Ajax,1,4,2425,INT-Europa League
2024-08-22,LASK,FCSB,1,1,2425,INT-Europa League
2024-08-22,Maccabi Tel Aviv,TSC Bačka Topola,3,0,2425,INT-Europa League
2024-08-22,Molde FK,IF Elfsborg,0,1,2425,INT-Europa League
2024-08-22,PAOK Saloniki,Shamrock Rovers,4,0,2425,INT-Europa League
2024-08-22,PFC Ludogorets Razgrad,CS Petrocub,4,0,2425,INT-Europa League
2024-08-22,Sporting Braga,Rapid Wien,2,1,2425,INT-Europa League
2024-08-22,Viktoria Plzeň,Heart of Midlothian,1,0,2425,INT-Europa League
2024-08-29,AFC Ajax,Jagiellonia Białystok,3,0,2425,INT-Europa League
2024-08-29,APOEL Nikosia,FK RFS,2,1,2425,INT-Europa League
2024-08-29,Beşiktaş,FC Lugano,5,1,2425,INT-Europa League
2024-08-29,Borac Banja Luka,Ferencvárosi TC,0,0,2425,INT-Europa League
2024-08-29,CS Petrocub,PFC Ludogorets Razgrad,1,2,2425,INT-Europa League
2024-08-29,FCSB,LASK,1,0,2425,INT-Europa League
2024-08-29,Heart of Midlothian,Viktoria Plzeň,0,1,2425,INT-Europa League
2024-08-29,IF Elfsborg,Molde FK,0,1,2425,INT-Europa League
2024-08-29,RSC Anderlecht,Dinamo Minsk,1,0,2425,INT-Europa League
2024-08-29,Rapid Wien,Sporting Braga,2,2,2425,INT-Europa League
2024-08-29,Shamrock Rovers,PAOK Saloniki,0,2,2425,INT-Europa League
2024-08-29,TSC Bačka Topola,Maccabi Tel Aviv,1,5,2425,INT-Europa League
2024-09-25,AZ Alkmaar,IF Elfsborg,3,2,2425,INT-Europa League
2024-09-25,Dinamo Kiev,Lazio Roma,0,3,2425,INT-Europa League
2024-09-25,FC Midtjylland,1899 Hoffenheim,1,1,2425,INT-Europa League
2024-09-25,FK Bodø/Glimt,FC Porto,3,2,2425,INT-Europa League
2024-09-25,Galatasaray,PAOK Saloniki,3,1,2425,INT-Europa League
2024-09-25,Manchester United,FC Twente,1,1,2425,INT-Europa League
2024-09-25,OGC Nice,Real Sociedad,1,1,2425,INT-Europa League
2024-09-25,PFC Ludogorets Razgrad,Slavia Praha,0,2,2425,INT-Europa League
2024-09-25,RSC Anderlecht,Ferencvárosi TC,2,1,2425,INT-Europa League
2024-09-26,AFC Ajax,Beşiktaş,4,0,2425,INT-Europa League
2024-09-26,AS Roma,Athletic Club,1,1,2425,INT-Europa League
2024-09-26,Eintracht Frankfurt,Viktoria Plzeň,3,3,2425,INT-Europa League
2024-09-26,FCSB,FK RFS,4,1,2425,INT-Europa League
2024-09-26,Fenerbahçe,Union Saint-Gilloise,2,1,2425,INT-Europa League
2024-09-26,Malmö FF,Rangers FC,0,2,2425,INT-Europa League
2024-09-26,Olympique Lyonnais,Olympiakos Piraeus,2,0,2425,INT-Europa League
2024-09-26,Sporting Braga,Maccabi Tel Aviv,2,1,2425,INT-Europa League
2024-09-26,Tottenham Hotspur,Qarabağ FK,3,0,2425,INT-Europa League
2024-10-03,1899 Hoffenheim,Dinamo Kiev,2,0,2425,INT-Europa League
2024-10-03,Athletic Club,AZ Alkmaar,2,0,2425,INT-Europa League
2024-10-03,Beşiktaş,Eintracht Frankfurt,1,3,2425,INT-Europa League
2024-10-03,FC Porto,Manchester United,3,3,2425,INT-Europa League
2024-10-03,FC Twente,Fenerbahçe,1,1,2425,INT-Europa League
2024-10-03,FK RFS,Galatasaray,2,2,2425,INT-Europa League
2024-10-03,Ferencvárosi TC,Tottenham Hotspur,1,2,2425,INT-Europa League
2024-10-03,IF Elfsborg,AS Roma,1,0,2425,INT-Europa League
2024-10-03,Lazio Roma,OGC Nice,4,1,2425,INT-Europa League
2024-10-03,Maccabi Tel Aviv,FC Midtjylland,0,2,2425,INT-Europa League
2024-10-03,Olympiakos Piraeus,Sporting Braga,3,0,2425,INT-Europa League
2024-10-03,PAOK Saloniki,FCSB,0,1,2425,INT-Europa League
2024-10-03,Qarabağ FK,Malmö FF,1,2,2425,INT-Europa League
2024-10-03,Rangers FC,Olympique Lyonnais,1,4,2425,INT-Europa League
2024-10-03,Real Sociedad,RSC Anderlecht,1,2,2425,INT-Europa League
2024-10-03,Slavia Praha,AFC Ajax,1,1,2425,INT-Europa League
2024-10-03,Union Saint-Gilloise,FK Bodø/Glimt,0,0,2425,INT-Europa League
2024-10-03,Viktoria Plzeň,PFC Ludogorets Razgrad,0,0,2425,INT-Europa League
2024-10-23,Galatasaray,IF Elfsborg,4,3,2425,INT-Europa League
2024-10-23,Sporting Braga,FK Bodø/Glimt,1,2,2425,INT-Europa League
2024-10-24,AS Roma,Dinamo Kiev,1,0,2425,INT-Europa League
2024-10-24,Athletic Club,Slavia Praha,1,0,2425,INT-Europa League
2024-10-24,Eintracht Frankfurt,FK RFS,1,0,2425,INT-Europa League
2024-10-24,FC Midtjylland,Union Saint-Gilloise,1,0,2425,INT-Europa League
2024-10-24,FC Porto,1899 Hoffenheim,2,0,2425,INT-Europa League
2024-10-24,FC Twente,Lazio Roma,0,2,2425,INT-Europa League
2024-10-24,Fenerbahçe,Manchester United,1,1,2425,INT-Europa League
2024-10-24,Ferencvárosi TC,OGC Nice,1,0,2425,INT-Europa League
2024-10-24,Maccabi Tel Aviv,Real Sociedad,1,2,2425,INT-Europa League
2024-10-24,Malmö FF,Olympiakos Piraeus,0,1,2425,INT-Europa League
2024-10-24,Olympique Lyonnais,Beşiktaş,0,1,2425,INT-Europa League
2024-10-24,PAOK Saloniki,Viktoria Plzeň,2,2,2425,INT-Europa League
2024-10-24,Qarabağ FK,AFC Ajax,0,3,2425,INT-Europa League
2024-10-24,RSC Anderlecht,PFC Ludogorets Razgrad,2,0,2425,INT-Europa League
2024-10-24,Rangers FC,FCSB,4,0,2425,INT-Europa League
2024-10-24,Tottenham Hotspur,AZ Alkmaar,1,0,2425,INT-Europa League
2024-11-06,Beşiktaş,Malmö FF,2,1,2425,INT-Europa League
2024-11-07,1899 Hoffenheim,Olympique Lyonnais,2,2,2425,INT-Europa League
2024-11-07,AFC Ajax,Maccabi Tel Aviv,5,0,2425,INT-Europa League
2024-11-07,AZ Alkmaar,Fenerbahçe,3,1,2425,INT-Europa League
2024-11-07,Dinamo Kiev,Ferencvárosi TC,0,4,2425,INT-Europa League
2024-11-07,Eintracht Frankfurt,Slavia Praha,1,0,2425,INT-Europa League
2024-11-07,FCSB,FC Midtjylland,2,0,2425,INT-Europa League
2024-11-07,FK Bodø/Glimt,Qarabağ FK,1,2,2425,INT-Europa League
2024-11-07,FK RFS,RSC Anderlecht,1,1,2425,INT-Europa League
2024-11-07,Galatasaray,Tottenham Hotspur,3,2,2425,INT-Europa League
2024-11-07,IF Elfsborg,Sporting Braga,1,1,2425,INT-Europa League
2024-11-07,Lazio Roma,FC Porto,2,1,2425,INT-Europa League
2024-11-07,Manchester United,PAOK Saloniki,2,0,2425,INT-Europa League
2024-11-07,OGC Nice,FC Twente,2,2,2425,INT-Europa League
2024-11-07,Olympiakos Piraeus,Rangers FC,1,1,2425,INT-Europa League
2024-11-07,PFC Ludogorets Razgrad,Athletic Club,1,2,2425,INT-Europa League
2024-11-07,Union Saint-Gilloise,AS Roma,1,1,2425,INT-Europa League
2024-11-07,Viktoria Plzeň,Real Sociedad,2,1,2425,INT-Europa League
2024-11-28,AZ Alkmaar,Galatasaray,1,1,2425,INT-Europa League
2024-11-28,Athletic Club,IF Elfsborg,3,0,2425,INT-Europa League
2024-11-28,Beşiktaş,Maccabi Tel Aviv,1,3,2425,INT-Europa League
2024-11-28,Dinamo Kiev,Viktoria Plzeň,1,2,2425,INT-Europa League
2024-11-28,FC Midtjylland,Eintracht Frankfurt,1,2,2425,INT-Europa League
2024-11-28,FC Twente,Union Saint-Gilloise,0,1,2425,INT-Europa League
2024-11-28,FCSB,Olympiakos Piraeus,0,0,2425,INT-Europa League
2024-11-28,FK RFS,PAOK Saloniki,0,2,2425,INT-Europa League
2024-11-28,Ferencvárosi TC,Malmö FF,4,1,2425,INT-Europa League
2024-11-28,Lazio Roma,PFC Ludogorets Razgrad,0,0,2425,INT-Europa League
2024-11-28,Manchester United,FK Bodø/Glimt,3,2,2425,INT-Europa League
2024-11-28,OGC Nice,Rangers FC,1,4,2425,INT-Europa League
2024-11-28,Qarabağ FK,Olympique Lyonnais,1,4,2425,INT-Europa League
2024-11-28,RSC Anderlecht,FC Porto,2,2,2425,INT-Europa League
2024-11-28,Real Sociedad,AFC Ajax,2,0,2425,INT-Europa League
2024-11-28,Slavia Praha,Fenerbahçe,1,2,2425,INT-Europa League
2024-11-28,Sporting Braga,1899 Hoffenheim,3,0,2425,INT-Europa League
2024-11-28,Tottenham Hotspur,AS Roma,2,2,2425,INT-Europa League
2024-12-11,Fenerbahçe,Athletic Club,0,2,2425,INT-Europa League
2024-12-12,1899 Hoffenheim,FCSB,0,0,2425,INT-Europa League
2024-12-12,AFC Ajax,Lazio Roma,1,3,2425,INT-Europa League
2024-12-12,AS Roma,Sporting Braga,3,0,2425,INT-Europa League
2024-12-12,FC Porto,FC Midtjylland,2,0,2425,INT-Europa League
2024-12-12,FK Bodø/Glimt,Beşiktaş,2,1,2425,INT-Europa League
2024-12-12,IF Elfsborg,Qarabağ FK,1,0,2425,INT-Europa League
2024-12-12,Maccabi Tel Aviv,FK RFS,2,1,2425,INT-Europa League
2024-12-12,Malmö FF,Galatasaray,2,2,2425,INT-Europa League
2024-12-12,Olympiakos Piraeus,FC Twente,0,0,2425,INT-Europa League
2024-12-12,Olympique Lyonnais,Eintracht Frankfurt,3,2,2425,INT-Europa League
2024-12-12,PAOK Saloniki,Ferencvárosi TC,5,0,2425,INT-Europa League
2024-12-12,PFC Ludogorets Razgrad,AZ Alkmaar,2,2,2425,INT-Europa League
2024-12-12,Rangers FC,Tottenham Hotspur,1,1,2425,INT-Europa League
2024-12-12,Real Sociedad,Dinamo Kiev,3,0,2425,INT-Europa League
2024-12-12,Slavia Praha,RSC Anderlecht,1,2,2425,INT-Europa League
2024-12-12,Union Saint-Gilloise,OGC Nice,2,1,2425,INT-Europa League
2024-12-12,Viktoria Plzeň,Manchester United,1,2,2425,INT-Europa League
2025-01-21,Galatasaray,Dinamo Kiev,3,3,2425,INT-Europa League
2025-01-22,Beşiktaş,Athletic Club,4,1,2425,INT-Europa League
2025-01-23,1899 Hoffenheim,Tottenham Hotspur,2,3,2425,INT-Europa League
2025-01-23,AZ Alkmaar,AS Roma,1,0,2425,INT-Europa League
2025-01-23,Eintracht Frankfurt,Ferencvárosi TC,2,0,2425,INT-Europa League
2025-01-23,FC Porto,Olympiakos Piraeus,0,1,2425,INT-Europa League
2025-01-23,FK Bodø/Glimt,Maccabi Tel Aviv,3,1,2425,INT-Europa League
2025-01-23,FK RFS,AFC Ajax,1,0,2425,INT-Europa League
2025-01-23,Fenerbahçe,Olympique Lyonnais,0,0,2425,INT-Europa League
2025-01-23,IF Elfsborg,OGC Nice,1,0,2425,INT-Europa League
2025-01-23,Lazio Roma,Real Sociedad,3,1,2425,INT-Europa League
2025-01-23,Malmö FF,FC Twente,2,3,2425,INT-Europa League
2025-01-23,Manchester United,Rangers FC,2,1,2425,INT-Europa League
2025-01-23,PAOK Saloniki,Slavia Praha,2,0,2425,INT-Europa League
2025-01-23,PFC Ludogorets Razgrad,FC Midtjylland,0,2,2425,INT-Europa League
2025-01-23,Qarabağ FK,FCSB,2,3,2425,INT-Europa League
2025-01-23,Union Saint-Gilloise,Sporting Braga,2,1,2425,INT-Europa League
2025-01-23,Viktoria Plzeň,RSC Anderlecht,2,0,2425,INT-Europa League
2025-01-30,AFC Ajax,Galatasaray,2,1,2425,INT-Europa League
2025-01-30,AS Roma,Eintracht Frankfurt,2,0,2425,INT-Europa League
2025-01-30,Athletic Club,Viktoria Plzeň,3,1,2425,INT-Europa League
2025-01-30,Dinamo Kiev,FK RFS,1,0,2425,INT-Europa League
2025-01-30,FC Midtjylland,Fenerbahçe,2,2,2425,INT-Europa League
2025-01-30,FC Twente,Beşiktaş,1,0,2425,INT-Europa League
2025-01-30,FCSB,Manchester United,0,2,2425,INT-Europa League
2025-01-30,Ferencvárosi TC,AZ Alkmaar,4,3,2425,INT-Europa League
2025-01-30,Maccabi Tel Aviv,FC Porto,0,1,2425,INT-Europa League
2025-01-30,OGC Nice,FK Bodø/Glimt,1,1,2425,INT-Europa League
2025-01-30,Olympiakos Piraeus,Qarabağ FK,3,0,2425,INT-Europa League
2025-01-30,Olympique Lyonnais,PFC Ludogorets Razgrad,1,1,2425,INT-Europa League
2025-01-30,RSC Anderlecht,1899 Hoffenheim,3,4,2425,INT-Europa League
2025-01-30,Rangers FC,Union Saint-Gilloise,2,1,2425,INT-Europa League
2025-01-30,Real Sociedad,PAOK Saloniki,2,0,2425,INT-Europa League
2025-01-30,Slavia Praha,Malmö FF,2,2,2425,INT-Europa League
2025-01-30,Sporting Braga,Lazio Roma,1,0,2425,INT-Europa League
2025-01-30,Tottenham Hotspur,IF Elfsborg,3,0,2425,INT-Europa League
2025-02-13,AZ Alkmaar,Galatasaray,4,1,2425,INT-Europa League
2025-02-13,FC Midtjylland,Real Sociedad,1,2,2425,INT-Europa League
2025-02-13,FC Porto,AS Roma,1,1,2425,INT-Europa League
2025-02-13,FC Twente,FK Bodø/Glimt,2,1,2425,INT-Europa League
2025-02-13,Fenerbahçe,RSC Anderlecht,3,0,2425,INT-Europa League
2025-02-13,Ferencvárosi TC,Viktoria Plzeň,1,0,2425,INT-Europa League
2025-02-13,PAOK Saloniki,FCSB,1,2,2425,INT-Europa League
2025-02-13,Union Saint-Gilloise,AFC Ajax,0,2,2425,INT-Europa League
2025-02-20,AFC Ajax,Union Saint-Gilloise,0,2,2425,INT-Europa League
2025-02-20,AS Roma,FC Porto,3,2,2425,INT-Europa League
2025-02-20,FCSB,PAOK Saloniki,2,0,2425,INT-Europa League
2025-02-20,FK Bodø/Glimt,FC Twente,3,2,2425,INT-Europa League
2025-02-20,Galatasaray,AZ Alkmaar,2,2,2425,INT-Europa League
2025-02-20,RSC Anderlecht,Fenerbahçe,2,2,2425,INT-Europa League
2025-02-20,Real Sociedad,FC Midtjylland,5,2,2425,INT-Europa League
2025-02-20,Viktoria Plzeň,Ferencvárosi TC,3,0,2425,INT-Europa League
2025-03-06,AFC Ajax,Eintracht Frankfurt,1,2,2425,INT-Europa League
2025-03-06,AS Roma,Athletic Club,2,1,2425,INT-Europa League
2025-03-06,AZ Alkmaar,Tottenham Hotspur,1,0,2425,INT-Europa League
2025-03-06,FCSB,Olympique Lyonnais,1,3,2425,INT-Europa League
2025-03-06,FK Bodø/Glimt,Olympiakos Piraeus,3,0,2425,INT-Europa League
2025-03-06,Fenerbahçe,Rangers FC,1,3,2425,INT-Europa League
2025-03-06,Real Sociedad,Manchester United,1,1,2425,INT-Europa League
2025-03-06,Viktoria Plzeň,Lazio Roma,1,2,2425,INT-Europa League
2025-03-13,Athletic Club,AS Roma,3,1,2425,INT-Europa League
2025-03-13,Eintracht Frankfurt,AFC Ajax,4,1,2425,INT-Europa League
2025-03-13,Lazio Roma,Viktoria Plzeň,1,1,2425,INT-Europa League
2025-03-13,Manchester United,Real Sociedad,4,1,2425,INT-Europa League
2025-03-13,Olympiakos Piraeus,FK Bodø/Glimt,2,1,2425,INT-Europa League
2025-03-13,Olympique Lyonnais,FCSB,4,0,2425,INT-Europa League
2025-03-13,Rangers FC,Fenerbahçe,0,2,2425,INT-Europa League
2025-03-13,Tottenham Hotspur,AZ Alkmaar,3,1,2425,INT-Europa League
2025-04-10,FK Bodø/Glimt,Lazio Roma,2,0,2425,INT-Europa League
2025-04-10,Olympique Lyonnais,Manchester United,2,2,2425,INT-Europa League
2025-04-10,Rangers FC,Athletic Club,0,0,2425,INT-Europa League
2025-04-10,Tottenham Hotspur,Eintracht Frankfurt,1,1,2425,INT-Europa League
2025-04-17,Athletic Club,Rangers FC,2,0,2425,INT-Europa League
2025-04-17,Eintracht Frankfurt,Tottenham Hotspur,0,1,2425,INT-Europa League
2025-04-17,Lazio Roma,FK Bodø/Glimt,2,0,2425,INT-Europa League
2025-04-17,Manchester United,Olympique Lyonnais,2,2,2425,INT-Europa League
2025-05-01,Athletic Club,Manchester United,0,3,2425,INT-Europa League
2025-05-01,Tottenham Hotspur,FK Bodø/Glimt,3,1,2425,INT-Europa League
2025-05-08,FK Bodø/Glimt,Tottenham Hotspur,0,2,2425,INT-Europa League
2025-05-08,Manchester United,Athletic Club,4,1,2425,INT-Europa League
2025-05-21,Tottenham Hotspur,Manchester United,1,0,2425,INT-Europa League
2025-07-10,AEK Larnaca,Partizan,1,0,2526,INT-Europa League
2025-07-10,FC Sheriff,FC Prishtina,4,0,2526,INT-Europa League
2025-07-10,Legia Warszawa,FK Aktobe,1,0,2526,INT-Europa League
2025-07-10,Levski Sofia,Hapoel Be'er Sheva,0,0,2526,INT-Europa League
2025-07-10,Paksi SE,CFR Cluj,0,0,2526,INT-Europa League
2025-07-10,Sabah FK,NK Celje,2,3,2526,INT-Europa League
2025-07-10,Shakhtar Donetsk,Ilves Tampere,6,0,2526,INT-Europa League
2025-07-10,Spartak Trnava,BK Häcken,0,1,2526,INT-Europa League
2025-07-17,BK Häcken,Spartak Trnava,2,2,2526,INT-Europa League
2025-07-17,CFR Cluj,Paksi SE,3,0,2526,INT-Europa League
2025-07-17,FC Prishtina,FC Sheriff,2,1,2526,INT-Europa League
2025-07-17,FK Aktobe,Legia Warszawa,0,1,2526,INT-Europa League
2025-07-17,Hapoel Be'er Sheva,Levski Sofia,0,0,2526,INT-Europa League
2025-07-17,Ilves Tampere,Shakhtar Donetsk,0,0,2526,INT-Europa League
2025-07-17,NK Celje,Sabah FK,2,3,2526,INT-Europa League
2025-07-17,Partizan,AEK Larnaca,1,0,2526,INT-Europa League
2025-07-24,Baník Ostrava,Legia Warszawa,2,2,2526,INT-Europa League
2025-07-24,Beşiktaş,Shakhtar Donetsk,2,4,2526,INT-Europa League
2025-07-24,FC Lugano,CFR Cluj,0,0,2526,INT-Europa League
2025-07-24,FC Midtjylland,Hibernian FC,1,1,2526,INT-Europa League
2025-07-24,FC Sheriff,FC Utrecht,1,3,2526,INT-Europa League
2025-07-24,Levski Sofia,Sporting Braga,0,0,2526,INT-Europa League
2025-07-24,NK Celje,AEK Larnaca,1,1,2526,INT-Europa League
2025-07-24,RSC Anderlecht,BK Häcken,1,0,2526,INT-Europa League
2025-07-31,AEK Larnaca,NK Celje,2,1,2526,INT-Europa League
2025-07-31,BK Häcken,RSC Anderlecht,2,1,2526,INT-Europa League
2025-07-31,CFR Cluj,FC Lugano,0,0,2526,INT-Europa League
2025-07-31,FC Utrecht,FC Sheriff,4,1,2526,INT-Europa League
2025-07-31,Hibernian FC,FC Midtjylland,0,0,2526,INT-Europa League
2025-07-31,Legia Warszawa,Baník Ostrava,2,1,2526,INT-Europa League
2025-07-31,Shakhtar Donetsk,Beşiktaş,2,0,2526,INT-Europa League
2025-07-31,Sporting Braga,Levski Sofia,0,0,2526,INT-Europa League
2025-08-05,Hamrun Spartans,Maccabi Tel Aviv,1,2,2526,INT-Europa League
2025-08-06,FK RFS,Kuopion PS,1,2,2526,INT-Europa League
2025-08-06,HNK Rijeka,Shelbourne FC,1,2,2526,INT-Europa League
2025-08-07,AEK Larnaca,Legia Warszawa,4,1,2526,INT-Europa League
2025-08-07,BK Häcken,SK Brann,0,2,2526,INT-Europa League
2025-08-07,CFR Cluj,Sporting Braga,1,2,2526,INT-Europa League
2025-08-07,FCSB,KF Drita,3,2,2526,INT-Europa League
2025-08-07,Fredrikstad FK,FC Midtjylland,1,3,2526,INT-Europa League
2025-08-07,Lincoln Red Imps,FC Noah,1,1,2526,INT-Europa League
2025-08-07,PAOK Saloniki,Wolfsberger AC,0,0,2526,INT-Europa League
2025-08-07,Panathinaikos,Shakhtar Donetsk,0,0,2526,INT-Europa League
2025-08-07,Servette FC,FC Utrecht,1,3,2526,INT-Europa League
2025-08-07,Zrinjski Mostar,Breiðablik,1,1,2526,INT-Europa League
2025-08-12,Shelbourne FC,HNK Rijeka,1,3,2526,INT-Europa League
2025-08-14,Breiðablik,Zrinjski Mostar,1,2,2526,INT-Europa League
2025-08-14,FC Midtjylland,Fredrikstad FK,2,0,2526,INT-Europa League
2025-08-14,FC Noah,Lincoln Red Imps,0,0,2526,INT-Europa League
2025-08-14,FC Utrecht,Servette FC,2,1,2526,INT-Europa League
2025-08-14,KF Drita,FCSB,1,3,2526,INT-Europa League
2025-08-14,Kuopion PS,FK RFS,1,0,2526,INT-Europa League
2025-08-14,Legia Warszawa,AEK Larnaca,2,1,2526,INT-Europa League
2025-08-14,Maccabi Tel Aviv,Hamrun Spartans,3,1,2526,INT-Europa League
2025-08-14,SK Brann,BK Häcken,0,1,2526,INT-Europa League
2025-08-14,Shakhtar Donetsk,Panathinaikos,0,0,2526,INT-Europa League
2025-08-14,Sporting Braga,CFR Cluj,2,0,2526,INT-Europa League
2025-08-14,Wolfsberger AC,PAOK Saloniki,0,0,2526,INT-Europa League
2025-08-21,Aberdeen FC,FCSB,2,2,2526,INT-Europa League
2025-08-21,FC Midtjylland,Kuopion PS,4,0,2526,INT-Europa League
2025-08-21,HNK Rijeka,PAOK Saloniki,1,0,2526,INT-Europa League
2025-08-21,KF Shkëndija 79,PFC Ludogorets Razgrad,2,1,2526,INT-Europa League
2025-08-21,Lech Poznań,KRC Genk,1,5,2526,INT-Europa League
2025-08-21,Lincoln Red Imps,Sporting Braga,0,4,2526,INT-Europa League
2025-08-21,Maccabi Tel Aviv,Dinamo Kiev,3,1,2526,INT-Europa League
2025-08-21,Malmö FF,Sigma Olomouc,3,0,2526,INT-Europa League
2025-08-21,Panathinaikos,Samsunspor,2,1,2526,INT-Europa League
2025-08-21,SK Brann,AEK Larnaca,2,1,2526,INT-Europa League
2025-08-21,Slovan Bratislava,BSC Young Boys,0,1,2526,INT-Europa League
2025-08-21,Zrinjski Mostar,FC Utrecht,0,2,2526,INT-Europa League
2025-08-27,AEK Larnaca,SK Brann,0,4,2526,INT-Europa League
2025-08-28,BSC Young Boys,Slovan Bratislava,3,2,2526,INT-Europa League
2025-08-28,Dinamo Kiev,Maccabi Tel Aviv,1,0,2526,INT-Europa League
2025-08-28,FC Utrecht,Zrinjski Mostar,0,0,2526,INT-Europa League
2025-08-28,FCSB,Aberdeen FC,3,0,2526,INT-Europa League
2025-08-28,KRC Genk,Lech Poznań,1,2,2526,INT-Europa League
2025-08-28,Kuopion PS,FC Midtjylland,0,2,2526,INT-Europa League
2025-08-28,PAOK Saloniki,HNK Rijeka,5,0,2526,INT-Europa League
2025-08-28,PFC Ludogorets Razgrad,KF Shkëndija 79,2,1,2526,INT-Europa League
2025-08-28,Samsunspor,Panathinaikos,0,0,2526,INT-Europa League
2025-08-28,Sigma Olomouc,Malmö FF,0,2,2526,INT-Europa League
2025-08-28,Sporting Braga,Lincoln Red Imps,5,1,2526,INT-Europa League
